Titre,Lien,Entreprise,Lieu,Type de contrat,Expérience,Secteur,Description
"HR Business Partner - Casablanca CDI - Theodo Maroc",https://www.jobzyn.com/fr/companies/theodo-morocco/jobs/hr-business-partner-casablanca,"Theodo Morocco","Casablanca","Autre","3 - 5 ans","",""
"Talent Acquisition Specialist",https://www.jobzyn.com/fr/companies/theodo-morocco/jobs/talent-acquisition-specialist-casablanca,"Theodo Morocco","Casablanca","CDI","6 - 9 ans","",""
"Développeur Web Senior",https://www.jobzyn.com/fr/companies/theodo-morocco/jobs/senior-web-developer-casablanca,"Theodo Morocco","Casablanca","CDI","6 - 9 ans","",""
"Software Engineering Manager - CDI - Casablanca - Morocco",https://www.jobzyn.com/fr/companies/theodo-morocco/jobs/software-engineering-manager---cdi---casablanca---morocco-casablanca,"Theodo Morocco","Casablanca","Autre","3 - 5 ans","",""
"Tech Lead Web",https://www.jobzyn.com/fr/companies/theodo-morocco/jobs/tech-lead-web-casablanca,"Theodo Morocco","Casablanca","CDI","6 - 9 ans","",""
"Product & Delivery Consultant",https://www.jobzyn.com/fr/companies/theodo-morocco/jobs/product-delivery-consultant-casablanca,"Theodo Morocco","Casablanca","CDI","3 - 5 ans","",""
"Responsable Sécurité des Systèmes d'Information",https://www.jobzyn.com/fr/companies/TGCC/jobs/responsable-securite-des-systemes-dinformation-casablanca,"TGCC","Casablanca","CDI","6 - 9 ans","",""
"Tech Lead",https://www.jobzyn.com/fr/companies/yakeey/jobs/tech-lead-casablanca,"Yakeey","Casablanca","CDI","6 - 9 ans","",""
"Chef Projet Climat/Bas Carbone",https://www.jobzyn.com/fr/companies/TGCC/jobs/chef-projet-climatbas-carbone-casablanca,"TGCC","Casablanca","CDI","3 - 5 ans","",""
"Chargé Prescription (H/F)",https://www.jobzyn.com/fr/companies/mafoder/jobs/charge-prescription-hf-casablanca,"Mafoder Group","Casablanca","CDI","3 - 5 ans","",""
"Chargé RH site et moyens généraux",https://www.jobzyn.com/fr/companies/mafoder/jobs/charge-rh-site-et-moyens-generaux-casablanca,"Mafoder Group","Casablanca","CDI","3 - 5 ans","",""
"Senior Full-Stack Engineer (Open Application)",https://www.jobzyn.com/fr/companies/enakl/jobs/senior-full-stack-engineer-open-application-casablanca,"ENAKL","Casablanca","CDI","6 - 9 ans","",""
"Directeur des Achats – Industrie",https://www.jobzyn.com/fr/companies/jobzyn-confidential/jobs/directeur-des-achats-industrie-casablanca,"Jobzyn Confidential","Casablanca","CDI","","",""
"Tech Architect",https://www.jobzyn.com/fr/companies/haldorix/jobs/tech-architect-casablanca,"Haldorix","Casablanca","CDI","","",""
"Sr Mobile iOS Developer - Banking",https://www.jobzyn.com/fr/companies/seven/jobs/sr-mobile-ios-developer---banking-casablanca,"SEVEN","Casablanca","CDI","3 - 5 ans","",""
"Head of Sales",https://www.jobzyn.com/fr/companies/haldorix/jobs/head-of-sales-casablanca,"Haldorix","Casablanca","CDI","6 - 9 ans","",""
"Digital Marketing Manager",https://www.jobzyn.com/fr/companies/kitea/jobs/digital-marketing-manager-casablanca,"KITEA","Casablanca","CDI","6 - 9 ans","",""
"Investment Manager Advisory & Initiatives",https://www.jobzyn.com/fr/companies/reim-partners/jobs/investment-manager-advisory-initiatives-casablanca,"REIM Partners","Casablanca","CDI","3 - 5 ans","",""
"DevOps Engineer",https://www.jobzyn.com/fr/companies/wafr/jobs/devops-engineer-casablanca,"WafR","Casablanca","CDI","","",""
"Tech Lead - Architecture & Code Quality",https://www.jobzyn.com/fr/companies/wafr/jobs/tech-lead-architecture-code-quality-casablanca,"WafR","Casablanca","CDI","","",""
"Sr Android Mobile Developer - Banking",https://www.jobzyn.com/fr/companies/seven/jobs/sr-android-mobile-developer---banking-casablanca,"SEVEN","Casablanca","CDI","3 - 5 ans","",""
"Tech Lead Gen IA",https://www.jobzyn.com/fr/companies/seven/jobs/tech-lead-ia-casablanca,"SEVEN","Casablanca","CDI","3 - 5 ans","",""
"Stagiaire en Stratégie et Développement",https://www.jobzyn.com/fr/companies/groupe-safari/jobs/stagiaire-en-strategie-et-developpement-casablanca,"Groupe Safari","Casablanca","CDI","0 - 2 ans","",""
"Future Business Leaders – Fast Track Program",https://www.jobzyn.com/fr/companies/zsystem/jobs/future-business-leaders-fast-track-program-casablanca,"z.systems","Casablanca","CDI","","",""
"National Sales Manager",https://www.jobzyn.com/fr/companies/sterifil/jobs/national-sales-manager-casablanca,"Sterifil","Casablanca","CDI","6 - 9 ans","",""
"Consultant(e) PMO",https://www.jobzyn.com/fr/companies/valyans/jobs/consultant-pmo-casablanca,"Valyans","Casablanca","CDI","3 - 5 ans","",""
"Consultant(e) PMO",https://www.jobzyn.com/fr/companies/valyans/jobs/consultante-pmo-rabat,"Valyans","Rabat","CDI","3 - 5 ans","",""
"E-merchandiser",https://www.jobzyn.com/fr/companies/marjanemall/jobs/e-merchandiser-casablanca,"marjanemall","Casablanca","CDI","3 - 5 ans","",""
"Responsable DevOps et Sécurité",https://www.jobzyn.com/fr/companies/marjanemall/jobs/responsable-devops-et-securite-casablanca,"marjanemall","Casablanca","CDI","6 - 9 ans","",""
"Category manager - Senior",https://www.jobzyn.com/fr/companies/marjanemall/jobs/category-manager---senior-casablanca,"marjanemall","Casablanca","CDI","3 - 5 ans","",""
"Chef de Projet Expérience Client",https://www.jobzyn.com/fr/companies/marjanemall/jobs/chef-de-projet-experience-client-casablanca,"marjanemall","Casablanca","CDI","3 - 5 ans","",""
"Data Analyst",https://www.jobzyn.com/fr/companies/marjanemall/jobs/data-analyst-casablanca,"marjanemall","Casablanca","CDI","3 - 5 ans","",""
"Product Owner DEX & Operations",https://www.jobzyn.com/fr/companies/marjanemall/jobs/product-owner-dex-operations-casablanca,"marjanemall","Casablanca","CDI","3 - 5 ans","",""
"Key Account Manager Senior "tech"",https://www.jobzyn.com/fr/companies/marjanemall/jobs/key-account-manager-senior-tech-casablanca,"marjanemall","Casablanca","CDI","3 - 5 ans","",""
"CRM Analyst",https://www.jobzyn.com/fr/companies/marjanemall/jobs/crm-analyst-casablanca,"marjanemall","Casablanca","CDI","0 - 2 ans","",""
"Réceptionniste",https://www.jobzyn.com/fr/companies/klk-khayatey/jobs/receptionniste-casablanca,"KLK Khayatey Living","Casablanca","CDI","0 - 2 ans","",""
"HC Services-Paie et Administration du personnel",https://www.jobzyn.com/fr/companies/pwc-/jobs/hc-services-paie-et-administration-du-personnel-casablanca,"PwC","Casablanca","CDI","6 - 9 ans","",""
"Ingénieur Travaux",https://www.jobzyn.com/fr/companies/mafoder/jobs/conducteur-de-travaux-casablanca,"Mafoder Group","Casablanca","CDI","6 - 9 ans","",""
"Chef de la Section Consolidation et Reporting",https://www.jobzyn.com/fr/companies/groupe-safari/jobs/chef-de-la-section-consolidation-et-reporting-casablanca,"Groupe Safari","Casablanca","CDI","6 - 9 ans","",""
"Auditeur Interne",https://www.jobzyn.com/fr/companies/groupe-safari/jobs/auditeur-interne-casablanca,"Groupe Safari","Casablanca","CDI","6 - 9 ans","",""
"Chef de projets MOE",https://www.jobzyn.com/fr/companies/bmce-capital/jobs/chef-de-projets-moe-casablanca,"BMCE CAPITAL","Casablanca","CDI","3 - 5 ans","",""
"Assistant(e) de direction",https://www.jobzyn.com/fr/companies/bmce-capital/jobs/assistante-de-direction-casablanca,"BMCE CAPITAL","Casablanca","CDI","0 - 2 ans","",""
"Technico-Commercial (Voirie, béton, mobilier urbain)",https://www.jobzyn.com/fr/companies/mafoder/jobs/technico-commercial-voirie-beton-mobilier-urbain-casablanca,"Mafoder Group","Casablanca","CDI","6 - 9 ans","",""
"Responsable Sponsoring",https://www.jobzyn.com/fr/companies/maroc-telecom/jobs/responsable-sponsoring-rabat,"Maroc Telecom","Rabat","CDI","3 - 5 ans","",""
"TVA Compliance Associate (H/F) - PwC Tax & Legal Services",https://www.jobzyn.com/fr/companies/pwc-/jobs/tva-compliance-associate-hf---pwc-tax-legal-services-casablanca,"PwC","Casablanca","CDI","3 - 5 ans","",""
"Responsable Commercial – Spécialiste des Cuisines H/F - Casablanca",https://www.jobzyn.com/fr/companies/kitea/jobs/responsable-commercial-specialiste-des-cuisines-hf---casablanca-casablanca,"KITEA","Casablanca","CDI","6 - 9 ans","",""
"Chef de produit Senior",https://www.jobzyn.com/fr/companies/sterifil/jobs/chef-de-produit-senior-casablanca-2,"Sterifil","Casablanca","CDI","6 - 9 ans","",""
"Responsable Consolidation et Contrôle Financier",https://www.jobzyn.com/fr/companies/kitea/jobs/responsable-consolidation-et-controle-financier-casablanca-1,"KITEA","Casablanca","CDI","6 - 9 ans","",""
"Data Analyst Senior",https://www.jobzyn.com/fr/companies/dxc-cdg/jobs/data-analyst-senior-1-rabat,"DXC CDG","Rabat","CDI","3 - 5 ans","",""
"Data Engineer Senior",https://www.jobzyn.com/fr/companies/dxc-cdg/jobs/data-engineer-senior-rabat,"DXC CDG","Rabat","CDI","3 - 5 ans","",""
"Data Scientist Senior",https://www.jobzyn.com/fr/companies/dxc-cdg/jobs/data-scientist-senior-rabat,"DXC CDG","Rabat","CDI","3 - 5 ans","",""
"Architecte solutions",https://www.jobzyn.com/fr/companies/dxc-cdg/jobs/architecte-solutions-rabat,"DXC CDG","Rabat, Casablanca","CDI","6 - 9 ans","",""
"IT Sales Engineer – Offshore",https://www.jobzyn.com/fr/companies/dxc-cdg/jobs/it-sales-engineer-offshore-rabat,"DXC CDG","Rabat","CDI","6 - 9 ans","",""
"Développeur.se Java",https://www.jobzyn.com/fr/companies/dxc-cdg/jobs/developpeurse-java-casablanca,"DXC CDG","Casablanca, Rabat","CDI","6 - 9 ans","",""
"Commercial sédentaire",https://www.jobzyn.com/fr/companies/mafoder/jobs/commercial-sedentaire-casablanca,"Mafoder Group","Casablanca, Marrakech","CDI","3 - 5 ans","",""
"2 KAM Clinique Casablanca /Rabat",https://www.jobzyn.com/fr/companies/sterifil/jobs/kam-clinique-rabatfesmeknes-oriental-rabat,"Sterifil","Rabat","CDI","3 - 5 ans","",""
"Responsable équipe commerciale",https://www.jobzyn.com/fr/companies/stairling/jobs/responsable-equipe-commerciale-tangier,"Stairling","Tanger","CDI","0 - 2 ans","",""
"Commercial clients",https://www.jobzyn.com/fr/companies/stairling/jobs/commercial-clients-tangier,"Stairling","Tanger","CDI","0 - 2 ans","",""
"Responsable accompagnement clients",https://www.jobzyn.com/fr/companies/stairling/jobs/responsable-accompagnement-clients-tangier,"Stairling","Tanger","CDI","3 - 5 ans","",""
"Conseiller intégration clients",https://www.jobzyn.com/fr/companies/stairling/jobs/conseiller-integration-clients-tangier,"Stairling","Tanger","CDI","","",""
"Responsable support clients",https://www.jobzyn.com/fr/companies/stairling/jobs/responsable-support-clients-tangier,"Stairling","Tanger","CDI","3 - 5 ans","",""
"Conseiller Support clients",https://www.jobzyn.com/fr/companies/stairling/jobs/conseiller-support-clients-tangier,"Stairling","Tanger","CDI","0 - 2 ans","",""
"Expert support & assistance - Horaires de nuit",https://www.jobzyn.com/fr/companies/stairling/jobs/expert-support-assistance---horaires-de-nuit-tangier,"Stairling","Tanger","CDI","0 - 2 ans","",""
"Backend Engineer (Node.js)",https://www.jobzyn.com/fr/companies/enakl/jobs/backend-engineer-casablanca,"ENAKL","Casablanca","CDI","","",""
"Technical Product Owner",https://www.jobzyn.com/fr/companies/enakl/jobs/technical-product-owner-casablanca,"ENAKL","Casablanca","CDI","","",""
"Sales Manager Senior – Grands Comptes",https://www.jobzyn.com/fr/companies/enakl/jobs/sales-manager-senior-grands-comptes-casablanca,"ENAKL","Casablanca","CDI","6 - 9 ans","",""
"Lead Computer Vision Engineer",https://www.jobzyn.com/fr/companies/haldorix/jobs/lead-computer-vision-engineer-casablanca,"Haldorix","Casablanca","CDI","","",""
"Consultant Technique Senior ServiceNow",https://www.jobzyn.com/fr/companies/dxc-cdg/jobs/consultant-technique-senior-servicenow-casablanca,"DXC CDG","Casablanca","CDI","3 - 5 ans","",""
"Consultant Expérimenté Organisation et Tech Adoption F/H",https://www.jobzyn.com/fr/companies/Deloitte/jobs/consultant-experimente-organisation-et-tech-adoption-fh-casablanca,"Deloitte Extended Services","Casablanca","CDI","3 - 5 ans","",""
"Investment Analyst",https://www.jobzyn.com/fr/companies/jobzyn-confidential/jobs/investment-analyst-casablanca,"Jobzyn Confidential","Casablanca","CDI","","",""
"Communication Lead - Global Affairs (Morocco)",https://www.jobzyn.com/fr/companies/glovo/jobs/communication-lead-theyshehe-casablanca,"Glovo","Casablanca","Autre","3 - 5 ans","",""
"Contrôleur Permanent",https://www.jobzyn.com/fr/companies/kitea/jobs/controleur-permanent-casablanca,"KITEA","Casablanca","CDI","0 - 2 ans","",""
"Responsable Appels d'Offres à l'International",https://www.jobzyn.com/fr/companies/TGCC/jobs/responsable-appels-doffres-a-linternational-casablanca,"TGCC","Casablanca","CDI","10 ans et plus","",""
"Responsable Fusions & Acquisitions (M&A)",https://www.jobzyn.com/fr/companies/maroc-telecom/jobs/responsable-fusions-acquisitions-ma-rabat,"Maroc Telecom","Rabat","CDI","6 - 9 ans","",""
"Consultant(e) Sénior en pilotage de la rémunération",https://www.jobzyn.com/fr/companies/Deloitte/jobs/consultante-senior-rewards-talent-casablanca,"Deloitte Extended Services","Casablanca","CDI","3 - 5 ans","",""
"Développeur Full Stack confirmé",https://www.jobzyn.com/fr/companies/haris-financial/jobs/developpeur-full-stack-casablanca,"HARIS FINANCIAL","Casablanca","CDI","3 - 5 ans","",""
"Graphiste Motion Designer",https://www.jobzyn.com/fr/companies/kitea/jobs/infographiste-casablanca,"KITEA","Casablanca","CDI","0 - 2 ans","",""
"Assistante de Direction - AMUZEUM",https://www.jobzyn.com/fr/companies/klk-khayatey/jobs/assistante-de-direction---amuzeum-casablanca,"KLK Khayatey Living","Casablanca","CDI","0 - 2 ans","",""
"Chef de produit – Ingénieur biomédical",https://www.jobzyn.com/fr/companies/sterifil/jobs/chef-de-produit-ingenieur-biomedical-casablanca,"Sterifil","Casablanca","CDI","0 - 2 ans","",""
"Public Affairs Lead – Global Affairs (Morocco)",https://www.jobzyn.com/fr/companies/glovo/jobs/sr-government-relations-specialist-ma-casablanca,"Glovo","Casablanca","Autre","3 - 5 ans","",""
"Senior Mobile Developer – React Native (Android, iOS & Expo)",https://www.jobzyn.com/fr/companies/zsystem/jobs/senior-mobile-developer-react-native-android-ios-expo-casablanca,"z.systems","Casablanca","CDI","6 - 9 ans","",""
"Consultant HRT stagiaire",https://www.jobzyn.com/fr/companies/Deloitte/jobs/consultant-hrt-stagiaire-casablanca,"Deloitte Extended Services","Casablanca","Stage","0 - 2 ans","",""
"Chargé(e) Transport",https://www.jobzyn.com/fr/companies/kitea/jobs/chargee-transport-casablanca,"KITEA","Casablanca","CDI","0 - 2 ans","",""
"MLOps Engineer (Edge AI Specialist)",https://www.jobzyn.com/fr/companies/haldorix/jobs/mlops-engineer-edge-ai-specialist-casablanca,"Haldorix","Casablanca","CDI","","",""
"Cadre Middle Office",https://www.jobzyn.com/fr/companies/afg-asset-management/jobs/cadre-middle-office,"AFG Asset Management","Casablanca","CDI","0 - 2 ans","",""
"Cadre Back Office",https://www.jobzyn.com/fr/companies/afg-asset-management/jobs/cadre-back-office,"AFG Asset Management","Casablanca","CDI","0 - 2 ans","",""
"Stagiaire en marketing",https://www.jobzyn.com/fr/companies/aedge-partners/jobs/stagiaire-en-marketing-casablanca,"AEDGE Partners","Casablanca","Stage","0 - 2 ans","",""
"Data Analyst",https://www.jobzyn.com/fr/companies/seven/jobs/data-analyst-casablanca,"SEVEN","Casablanca","CDI","6 - 9 ans","",""
"Chef de projet Data",https://www.jobzyn.com/fr/companies/seven/jobs/chef-de-projet-data-casablanca,"SEVEN","Casablanca","CDI","6 - 9 ans","",""
"Chargé(e) Marketing – Secteur Loisir",https://www.jobzyn.com/fr/companies/reim-partners/jobs/charge-marketing-loisir-casablanca,"REIM Partners","Casablanca","CDI","6 - 9 ans","",""
"Consultant Salesforce Marketing Cloud (H-F)",https://www.jobzyn.com/fr/companies/Deloitte/jobs/consultant-salesforce-marketing-cloud-h-f,"Deloitte Extended Services","","CDI","3 - 5 ans","",""
"Senior Consultant, Financial Advisory",https://www.jobzyn.com/fr/companies/jesa-ads/jobs/senior-consultant-financial-advisory-casablanca,"JESA Advisory","Casablanca","CDI","6 - 9 ans","",""
"Auditeur Financier Stagiaire PFE (H/F) - PwC AC Maroc",https://www.jobzyn.com/fr/companies/pwc-/jobs/auditeur-financier-stagiaire-pfe-hf---pwc-ac-maroc-casablanca,"PwC","Casablanca","Stage","0 - 2 ans","",""
"Responsable Comptable et Fiscal",https://www.jobzyn.com/fr/companies/marjanemall/jobs/responsable-comptable-et-fiscal-casablanca,"marjanemall","Casablanca","CDI","6 - 9 ans","",""
"Consultant Audit IT",https://www.jobzyn.com/fr/companies/Deloitte/jobs/consultant-audit-it,"Deloitte Extended Services","","CDI","0 - 2 ans","",""
"Key Account Manager Junior "beauté"",https://www.jobzyn.com/fr/companies/marjanemall/jobs/category-manager---senior-homegm-casablanca,"marjanemall","Casablanca","CDI","0 - 2 ans","",""
"Key Account Manager Junior "tech"",https://www.jobzyn.com/fr/companies/marjanemall/jobs/key-account-manager-junior-tech,"marjanemall","","CDI","0 - 2 ans","",""
"CFO",https://www.jobzyn.com/fr/companies/zsystem/jobs/cfo-casablanca,"z.systems","Casablanca","CDI","","",""
"Senior Manager Transformation digitale & Innovation - E-voluciona",https://www.jobzyn.com/fr/companies/intelcia/jobs/senior-manager-transformation-digitale-innovation-casablanca,"Intelcia","Casablanca","CDI","10 ans et plus","",""
"Executive Assistant & Office Manager",https://www.jobzyn.com/fr/companies/reim-partners/jobs/executive-assistant-office-manager,"REIM Partners","Casablanca","CDI","6 - 9 ans","",""
"Contrôleur de gestion Industriel",https://www.jobzyn.com/fr/companies/mafoder/jobs/controleur-de-gestion-industriel-casablanca,"Mafoder Group","Casablanca","CDI","3 - 5 ans","",""
"Responsable Contrôle de gestion",https://www.jobzyn.com/fr/companies/mafoder/jobs/responsable-controle-de-gestion-casablanca,"Mafoder Group","Casablanca","CDI","10 ans et plus","",""
"Chargé d’Appui Commercial (CAC)",https://www.jobzyn.com/fr/companies/bank-of-africa/jobs/charge-dappui-commercial-cac-1,"BANK OF AFRICA","","CDI","0 - 2 ans","",""
"Chargé de Clientèle (CC)",https://www.jobzyn.com/fr/companies/bank-of-africa/jobs/charge-de-clientele-cc-1,"BANK OF AFRICA","","CDI","0 - 2 ans","",""
"Commerciaux Terrain - Réseau Traditionnel",https://www.jobzyn.com/fr/companies/innoflex/jobs/commerciaux-terrain---reseau-traditionnel-casablanca,"Innoflex","Casablanca, Fès, Rabat, Tanger, Oujda, Nador, Meknès, Marrakech, Al Hoceïma, Tétouan","CDI","","",""
"Ingénieur Contrôle de la Performance",https://www.jobzyn.com/fr/companies/TGCC/jobs/ingenieur-controle-de-la-performance,"TGCC","","CDI","3 - 5 ans","",""
"Chargé(e) E-Commerce",https://www.jobzyn.com/fr/companies/innoflex/jobs/chargee-e-commerce-had-soualem,"Innoflex","Had Soualem","CDI","0 - 2 ans","",""
"Contrôleur de Gestion",https://www.jobzyn.com/fr/companies/aedge-partners/jobs/controleur-de-gestion-casablanca,"AEDGE Partners","Casablanca","CDI","3 - 5 ans","",""
"Conseiller Commercial en Immobilier",https://www.jobzyn.com/fr/companies/aedge-partners/jobs/conseiller-commercial-casablanca,"AEDGE Partners","Casablanca","CDI","6 - 9 ans","",""
"Administrateur des Ventes en Immobilier",https://www.jobzyn.com/fr/companies/aedge-partners/jobs/administrateur-des-ventes-casablanca,"AEDGE Partners","Casablanca","CDI","3 - 5 ans","",""
"Chef de Projet – Programme Immobilier",https://www.jobzyn.com/fr/companies/aedge-partners/jobs/chef-de-projet-casablanca,"AEDGE Partners","Casablanca","CDI","6 - 9 ans","",""
"Conducteur de Travaux",https://www.jobzyn.com/fr/companies/aedge-partners/jobs/conducteur-de-travaux-casablanca,"AEDGE Partners","Casablanca","CDI","3 - 5 ans","",""
"Analyste financier",https://www.jobzyn.com/fr/companies/aedge-partners/jobs/analyste-financier-casablanca,"AEDGE Partners","Casablanca","CDI","0 - 2 ans","",""
"Responsable des Ressources Humaines",https://www.jobzyn.com/fr/companies/jobzyn-confidential/jobs/responsable-ressources-humaines-casablanca,"Jobzyn Confidential","Casablanca","CDI","","",""
"Manager AI Expert F/H",https://www.jobzyn.com/fr/companies/Deloitte/jobs/manager-ai-expert-casablanca,"Deloitte Extended Services","Casablanca","CDI","6 - 9 ans","",""
"Consultant Cloud Data F/H",https://www.jobzyn.com/fr/companies/Deloitte/jobs/consultant-cloud-data-fh-casablanca,"Deloitte Extended Services","Casablanca","CDI","3 - 5 ans","",""
"Talent Acquisition Specialist | Ressources Humaines | Stage",https://www.jobzyn.com/fr/companies/pwc-/jobs/talent-acquisition-specialist-ressources-humaines-stage-casablanca,"PwC","Casablanca","Stage","0 - 2 ans","",""
"Tech lead",https://www.jobzyn.com/fr/companies/haldorix/jobs/tech-lead-casablanca,"Haldorix","Casablanca","CDI","","",""
"Full-Stack Python/Video Processing engineer",https://www.jobzyn.com/fr/companies/haldorix/jobs/full-stack-pythonvideo-processing-engineer-casablanca,"Haldorix","Casablanca","CDI","","",""
"Full-Stack Python/DevOps Engineer",https://www.jobzyn.com/fr/companies/haldorix/jobs/full-stack-pythondevops-engineer-casablanca,"Haldorix","Casablanca","CDI","","",""
"Computer Vision / Machine Learning Engineer - Model training",https://www.jobzyn.com/fr/companies/haldorix/jobs/computer-vision-machine-learning-engineer---model-training-casablanca,"Haldorix","Casablanca","CDI","","",""
"Computer vision/Machine Learning Engineer – Inference & Model Deployment",https://www.jobzyn.com/fr/companies/haldorix/jobs/computer-visionmachine-learning-engineer-inference-model-deployment-casablanca,"Haldorix","Casablanca","CDI","","",""
"Chief of Staff to CEO",https://www.jobzyn.com/fr/companies/marwa/jobs/chief-of-staff-to-ceo-casablanca,"Marwa","Casablanca","CDI","6 - 9 ans","",""
"Stagiaire Analyste",https://www.jobzyn.com/fr/companies/aedge-partners/jobs/stagiaire-analyste-casablanca,"AEDGE Partners","Casablanca","Stage","0 - 2 ans","",""
"Responsable de Programme - Immobilier",https://www.jobzyn.com/fr/companies/aedge-partners/jobs/responsable-programme-pilote-casablanca,"AEDGE Partners","Casablanca","CDI","3 - 5 ans","",""
"Responsable Évènementiel",https://www.jobzyn.com/fr/companies/maroc-telecom/jobs/responsable-evenementiel-rabat,"Maroc Telecom","Rabat","CDI","3 - 5 ans","",""
"Stagiaire SAM (Software Asset Management)",https://www.jobzyn.com/fr/companies/Deloitte/jobs/stagiaire-sam-software-asset-management-casablanca,"Deloitte Extended Services","Casablanca","Stage","0 - 2 ans","",""
"Stagiaire Finance & Transformation (H/F) - casablanca",https://www.jobzyn.com/fr/companies/Deloitte/jobs/stagiaire-finance-transformation-hf---casablanca-casablanca,"Deloitte Extended Services","Casablanca","Stage","0 - 2 ans","",""
"Consultant Senior en Comptabilité Marocaine",https://www.jobzyn.com/fr/companies/pwc-/jobs/consultant-senior-en-comptabilite-casablanca,"PwC","Casablanca","CDI","3 - 5 ans","",""
"Consultant en Comptabilité Française",https://www.jobzyn.com/fr/companies/pwc-/jobs/consultant-en-comptabilite-francaise-casablanca,"PwC","Casablanca","CDI","0 - 2 ans","",""
"Consultant paie/Consultante paie",https://www.jobzyn.com/fr/companies/pwc-/jobs/consultant-paieconsultante-paie-casablanca,"PwC","Casablanca","CDI","0 - 2 ans","",""
"Consultant (e)Junior : Supply Chain / Achat",https://www.jobzyn.com/fr/companies/Deloitte/jobs/consultant-ejunior-supply-chain-achat-casablanca,"Deloitte Extended Services","Casablanca","CDI","0 - 2 ans","",""
"Category Manager - Junior",https://www.jobzyn.com/fr/companies/marjanemall/jobs/category-manager-casablanca,"marjanemall","Casablanca","CDI","0 - 2 ans","",""
"Key Account Manager Senior "Home/GM"",https://www.jobzyn.com/fr/companies/marjanemall/jobs/key-account-manager-casablanca,"marjanemall","Casablanca","CDI","3 - 5 ans","",""
"Media Buying Manager",https://www.jobzyn.com/fr/companies/marjanemall/jobs/media-buying-manager-casablanca,"marjanemall","Casablanca","CDI","3 - 5 ans","",""
"Logistics & Customs Manager",https://www.jobzyn.com/fr/companies/marjanemall/jobs/responsable-logistique-et-douane-casablanca,"marjanemall","Casablanca","CDI","6 - 9 ans","",""
"Product Owner",https://www.jobzyn.com/fr/companies/marjanemall/jobs/product-owner,"marjanemall","Casablanca","CDI","3 - 5 ans","",""
"Product Owner - Fidélité",https://www.jobzyn.com/fr/companies/marjanemall/jobs/product-owner---fidelite-casablanca,"marjanemall","Casablanca","CDI","6 - 9 ans","",""
"Head of Backend (.NET)",https://www.jobzyn.com/fr/companies/marjanemall/jobs/head-of-backend-casablanca,"marjanemall","Casablanca","CDI","6 - 9 ans","",""
"Assistant(e) RH junior F/H",https://www.jobzyn.com/fr/companies/Deloitte/jobs/assistante-rh-junior-fh-casablanca,"Deloitte Extended Services","Casablanca","CDI","0 - 2 ans","",""
"Head of Fulfillment "Customer Orders & Seller Returns"",https://www.jobzyn.com/fr/companies/marjanemall/jobs/head-of-fulfillment-customer-orders-seller-returns-casablanca,"marjanemall","Casablanca","CDI","6 - 9 ans","",""
"Responsable Achats 'Non Alimentaires' – E-commerce",https://www.jobzyn.com/fr/companies/marjanemall/jobs/responsable-achats-non-alimentaires-e-commerce-casablanca,"marjanemall","Casablanca","CDI","6 - 9 ans","",""
"Chef de projet – Process Excellence",https://www.jobzyn.com/fr/companies/marjanemall/jobs/chef-de-projet-excellence-operationnelle-casablanca,"marjanemall","Casablanca","CDI","6 - 9 ans","",""
"Head of International Sourcing",https://www.jobzyn.com/fr/companies/marjanemall/jobs/head-of-international-sourcing,"marjanemall","","CDI","6 - 9 ans","",""
"Product Owner – Customer Data Platform (CDP)",https://www.jobzyn.com/fr/companies/marjanemall/jobs/product-owner-customer-data-platform-cdp-casablanca,"marjanemall","Casablanca","CDI","3 - 5 ans","",""
"Responsable Fiscalité Groupe",https://www.jobzyn.com/fr/companies/maroc-telecom/jobs/responsable-fiscalite-groupe-rabat,"Maroc Telecom","Rabat","CDI","6 - 9 ans","",""
"Analyste Financier",https://www.jobzyn.com/fr/companies/maroc-telecom/jobs/x-rabat,"Maroc Telecom","Rabat","CDI","3 - 5 ans","",""
"Tech Lead – Backend (Transactions & Gamification)",https://www.jobzyn.com/fr/companies/zsystem/jobs/tech-lead-backend-transactions-gamification-casablanca,"z.systems","Casablanca","CDI","","",""
"ML Tech Lead – Computer Vision & Shelf Recognition",https://www.jobzyn.com/fr/companies/zsystem/jobs/ml-tech-lead-computer-vision-shelf-recognition-casablanca,"z.systems","Casablanca","CDI","","",""
"Strategic Chief of Staff",https://www.jobzyn.com/fr/companies/zsystem/jobs/shadow-founder-strategic-chief-of-staff-casablanca,"z.systems","Casablanca","CDI","","",""
"Data Engineer – Data Platform & Analytics",https://www.jobzyn.com/fr/companies/yakeey/jobs/data-engineer-data-platform-analytics-casablanca,"Yakeey","Casablanca","CDI","6 - 9 ans","",""
"Senior Backend Developer (T-Shaped)",https://www.jobzyn.com/fr/companies/yakeey/jobs/senior-backend-developer-t-shaped-casablanca,"Yakeey","Casablanca","CDI","6 - 9 ans","",""
"Senior Frontend Developer (T-Shaped)",https://www.jobzyn.com/fr/companies/yakeey/jobs/senior-frontend-developer-t-shaped-casablanca,"Yakeey","Casablanca","CDI","6 - 9 ans","",""
"Manager Logistique, Contrôle, Process, Performance et Qualité",https://www.jobzyn.com/fr/companies/marjanemall/jobs/manager-logistique-controle-process-performance-et-qualite-casablanca,"marjanemall","Casablanca","CDI","6 - 9 ans","",""
"Transport Operations Manager",https://www.jobzyn.com/fr/companies/marjanemall/jobs/transport-operations-manager-casablanca,"marjanemall","Casablanca","CDI","10 ans et plus","",""
"Responsable Sécurité – Plateforme Logistique E-commerce",https://www.jobzyn.com/fr/companies/marjanemall/jobs/responsable-securite-plateforme-logistique-e-commerce-casablanca,"marjanemall","Mohammedia","CDI","6 - 9 ans","",""
"Brands Ads Intern",https://www.jobzyn.com/fr/companies/glovo/jobs/brands-ads-intern-casablanca-1,"Glovo","Casablanca","Stage","0 - 2 ans","",""
"Ingénieur Génie Civil – Pilotage de Projets Immobiliers Résidentiels",https://www.jobzyn.com/fr/companies/alazrak/jobs/ingenieur-genie-civil-pilotage-de-projets-immobiliers-residentiels-casablanca,"A.Lazrak","Casablanca","CDI","0 - 2 ans","",""
"Strategy Consulting Internship",https://www.jobzyn.com/fr/companies/jesa-ads/jobs/strategy-consulting-internship-casablanca,"JESA Advisory","Casablanca","Stage","0 - 2 ans","",""
"Chargé Assurance Qualité",https://www.jobzyn.com/fr/companies/bottu/jobs/charge-assurance-qualite-casablanca,"Bottu","Casablanca","CDI","3 - 5 ans","",""
"Assistante de Production",https://www.jobzyn.com/fr/companies/bottu/jobs/assistante-de-production-casablanca,"Bottu","Casablanca","CDI","3 - 5 ans","",""
"Pharmacien Assistant Production",https://www.jobzyn.com/fr/companies/bottu/jobs/pharmacien-assistant-production-casablanca,"Bottu","Casablanca","CDI","0 - 2 ans","",""
"Développeur.se Front-End (Angular / React)",https://www.jobzyn.com/fr/companies/dxc-cdg/jobs/developpeurse-front-end-angular-react-casablanca,"DXC CDG","Casablanca, Rabat","CDI","6 - 9 ans","",""
"Testeur.se QA",https://www.jobzyn.com/fr/companies/dxc-cdg/jobs/testeurse-qa-casablanca,"DXC CDG","Casablanca, Rabat","CDI","3 - 5 ans","",""
"Cadre Administration RH (Filiales)",https://www.jobzyn.com/fr/companies/bottu/jobs/pharmacien-assistant-production-casablanca-1,"Bottu","Casablanca","CDI","3 - 5 ans","",""
"Expert Stratégie Data & Gouvernance",https://www.jobzyn.com/fr/companies/Akumenia/jobs/expert-strategie-data-gouvernance-casablanca,"Akumenia","Casablanca","CDI","10 ans et plus","",""
"Ingénieur Maintenance",https://www.jobzyn.com/fr/companies/bottu/jobs/ingenieur-maintenance-casablanca,"Bottu","Casablanca","CDI","3 - 5 ans","",""
"Responsable Exploitation - Filiale Distriphak à Kénitra",https://www.jobzyn.com/fr/companies/bottu/jobs/responsable-exploitation---filiale-distriphak-a-kenitra-kenitra,"Bottu","Kénitra","CDI","6 - 9 ans","",""
"SAM Oracle Consultant",https://www.jobzyn.com/fr/companies/Deloitte/jobs/sam-oracle-expert-casablanca,"Deloitte Extended Services","Casablanca","CDI","3 - 5 ans","",""
"Account Run Lead Senior",https://www.jobzyn.com/fr/companies/dxc-cdg/jobs/account-run-lead-senior-rabat,"DXC CDG","Rabat, Casablanca","CDI","10 ans et plus","",""
"Expert Système Réseaux & Sécurité (H/F)",https://www.jobzyn.com/fr/companies/dxc-cdg/jobs/expert-systeme-reseaux-securite-hf-rabat,"DXC CDG","Rabat, Casablanca","CDI","10 ans et plus","",""
"Développeur Anglophone Orienté Objet",https://www.jobzyn.com/fr/companies/dxc-cdg/jobs/developpeur-anglophone-oriente-objet-rabat,"DXC CDG","Rabat, Casablanca","CDI","6 - 9 ans","",""
"Consultant Technico-Fonctionnel Senior Dotnet",https://www.jobzyn.com/fr/companies/dxc-cdg/jobs/consultant-technico-fonctionnel-senior-dotnet-rabat,"DXC CDG","Rabat, Casablanca","CDI","6 - 9 ans","",""
"Junior Business Developer - FinTech",https://www.jobzyn.com/fr/companies/geeb/jobs/junior-business-developer-casablanca,"GeeB","Casablanca","CDI","","",""
"Consultant Technique Senior ServiceNow",https://www.jobzyn.com/fr/companies/dxc-cdg/jobs/consultant-technique-senior-servicenow-rabat,"DXC CDG","Rabat, Casablanca","CDI","3 - 5 ans","",""
"Consultant Senior – Intégration SI Trésorerie & Financement",https://www.jobzyn.com/fr/companies/dxc-cdg/jobs/consultant-senior-integration-si-tresorerie-financement-rabat,"DXC CDG","Rabat, Casablanca","CDI","3 - 5 ans","",""
"Community & Content Manager",https://www.jobzyn.com/fr/companies/kitea/jobs/community-content-manager-casablanca,"KITEA","Casablanca","CDI","3 - 5 ans","",""
"AI Engineer / Data Scientist",https://www.jobzyn.com/fr/companies/Akumenia/jobs/ai-engineer-data-scientist-casablanca-1,"Akumenia","Casablanca","CDI","3 - 5 ans","",""
"Senior Data Engineer",https://www.jobzyn.com/fr/companies/Akumenia/jobs/senior-data-engineer-casablanca,"Akumenia","Casablanca","CDI","3 - 5 ans","",""
"Stagiaire Fiscalité Individuelle & Mobilité internationale F/H",https://www.jobzyn.com/fr/companies/Deloitte/jobs/stagiaire-fiscalite-individuelle-mobilite-internationale-fh-casablanca,"Deloitte Extended Services","Casablanca","Stage","0 - 2 ans","",""
"Consultant Data & IA",https://www.jobzyn.com/fr/companies/atlas-communications/jobs/consultant-data-ia-casablanca,"ATLAS Communications","Casablanca","CDI","","",""
"Consultant Fonctionnel "Confirmé" à "Senior" - Finance Transactionnelle « P2P, O2C, R2R »",https://www.jobzyn.com/fr/companies/Deloitte/jobs/consultant-fonctionnel-confirme-a-senior---finance-transactionnelle-p2p-o2c-r2r-casablanca,"Deloitte Extended Services","Casablanca","CDI","3 - 5 ans","",""
"Opérateur Centre d’Appel – Profil Technique Bâtiment",https://www.jobzyn.com/fr/companies/klk-khayatey/jobs/operateur-centre-dappel-profil-technique-batiment-casablanca,"KLK Khayatey Living","Casablanca","CDI","3 - 5 ans","",""
"Stage - Consultant Actuaire",https://www.jobzyn.com/fr/companies/Deloitte/jobs/stage---consultant-actuaire-casablanca,"Deloitte Extended Services","Casablanca","Stage","0 - 2 ans","",""
"Stage en Conseil - Organisation & Transformation F/H - casablanca",https://www.jobzyn.com/fr/companies/Deloitte/jobs/stage-en-conseil---organisation-transformation-fh---casablanca-casablanca,"Deloitte Extended Services","Casablanca","Stage","0 - 2 ans","",""
"Retail Media Lead",https://www.jobzyn.com/fr/companies/glovo/jobs/brands-ads-lead-casablanca,"Glovo","Casablanca","Autre","3 - 5 ans","",""
"Chargé(e) de Trésorerie",https://www.jobzyn.com/fr/companies/urbagec/jobs/chargee-de-tresorerie-mohammedia,"URBAGEC","Mohammedia","CDI","3 - 5 ans","",""
"Assistant (e) RH",https://www.jobzyn.com/fr/companies/urbagec/jobs/assistant-e-rh-mohammedia,"URBAGEC","Mohammedia","CDI","3 - 5 ans","",""
"Chargé (e) de développement RH",https://www.jobzyn.com/fr/companies/urbagec/jobs/charge-e-de-developpement-rh-mohammedia,"URBAGEC","Mohammedia","CDI","3 - 5 ans","",""
"Chargé(e)s ADV",https://www.jobzyn.com/fr/companies/innoflex/jobs/chargees-adv-had-soualem,"Innoflex","Had Soualem","CDI","0 - 2 ans","",""
"Agent Administratif",https://www.jobzyn.com/fr/companies/urbagec/jobs/agent-administratif-mohammedia,"URBAGEC","Mohammedia","CDI","3 - 5 ans","",""
"AGENT D'EXPLOITATION - MARITIME",https://www.jobzyn.com/fr/companies/tst/jobs/agent-dexploitation---maritime-casablanca,"TST","Casablanca","CDI","0 - 2 ans","",""
"Supply & Fleet Manager",https://www.jobzyn.com/fr/companies/enakl/jobs/fleet-manager-casablanca,"ENAKL","Casablanca","CDI","","",""
"Consultant Junior Fiscalité Individuelle & Mobilité internationale F/H - Casablanca",https://www.jobzyn.com/fr/companies/Deloitte/jobs/consultant-junior-fiscalite-individuelle-mobilite-internationale-fh---casablanca-casablanca,"Deloitte Extended Services","Casablanca","CDI","0 - 2 ans","",""
"Manager en M&A TS",https://www.jobzyn.com/fr/companies/Deloitte/jobs/manager-en-ma-ts-casablanca,"Deloitte Extended Services","Casablanca","CDI","6 - 9 ans","",""
"Développeur banque",https://www.jobzyn.com/fr/companies/seven/jobs/developpeur-banque-casablanca,"SEVEN","Casablanca","CDI","","",""
"Senior Product Manager – AI, HR & Talent Acquisition",https://www.jobzyn.com/fr/companies/Jobzyn/jobs/senior-product-manager-ai-hr-talent-acquisition-casablanca,"Jobzyn","Casablanca","Freelance","","",""
"Ingénieur Méthodes & Planification expérimenté",https://www.jobzyn.com/fr/companies/urbagec/jobs/ingenieur-methodes-planification-experimente-mohammedia,"URBAGEC","Mohammedia","CDI","6 - 9 ans","",""
"Projeteur BTB",https://www.jobzyn.com/fr/companies/urbagec/jobs/responsable-du-bureau-methode-mohammedia,"URBAGEC","Mohammedia","CDI","3 - 5 ans","",""
"Consultant Data Scientist H/F",https://www.jobzyn.com/fr/companies/Deloitte/jobs/consultant-data-scientist-hf-casablanca,"Deloitte Extended Services","Casablanca","CDI","0 - 2 ans","",""
"Consultant Audit des Systèmes d'Information F/H",https://www.jobzyn.com/fr/companies/Deloitte/jobs/consultant-audit-des-systemes-dinformation-fh-casablanca,"Deloitte Extended Services","Casablanca","CDI","0 - 2 ans","",""
"Data Analyst",https://www.jobzyn.com/fr/companies/Deloitte/jobs/data-analyst-casablanca,"Deloitte Extended Services","Casablanca","CDI","0 - 2 ans","",""
"Ingénieur Central à Béton",https://www.jobzyn.com/fr/companies/urbagec/jobs/ingenieur-central-a-beton-mohammedia,"URBAGEC","Mohammédia","CDI","3 - 5 ans","",""
"Technicien Central à Béton",https://www.jobzyn.com/fr/companies/urbagec/jobs/technicien-central-a-beton-mohammedia,"URBAGEC","Mohammédia","CDI","0 - 2 ans","",""
"Responsable Qualité – Spécialité Ponts",https://www.jobzyn.com/fr/companies/urbagec/jobs/responsable-qualite-specialite-ponts-mohammedia,"URBAGEC","Mohammédia","CDI","3 - 5 ans","",""
"Comptable Confirmé (H/F)",https://www.jobzyn.com/fr/companies/urbagec/jobs/3comptables-confirmes-hf-mohammedia,"URBAGEC","Mohammédia","CDI","6 - 9 ans","",""
"Group Chief Financial Officer (CFO)",https://www.jobzyn.com/fr/companies/gocab/jobs/group-chief-financial-officer-cfo,"GoCab","Casablanca","CDI","","",""
"Consultant(e) Workforce",https://www.jobzyn.com/fr/companies/pwc-/jobs/consultante-workforce,"PwC","","CDI","3 - 5 ans","",""
"Consultant Salesforce F/H",https://www.jobzyn.com/fr/companies/Deloitte/jobs/intitule-de-loffre-demploi-consultant-salesforce-fh,"Deloitte Extended Services","","CDI","0 - 2 ans","",""
"Consultant Junior Oracle ERP Cloud F/H",https://www.jobzyn.com/fr/companies/Deloitte/jobs/consultant-junior-oracle-erp-cloud-fh,"Deloitte Extended Services","","CDI","0 - 2 ans","",""
"Consultant Junior SCNO F/H",https://www.jobzyn.com/fr/companies/Deloitte/jobs/consultant-junior-scno-fhf,"Deloitte Extended Services","","CDI","0 - 2 ans","",""
"Consultant SAP Junior/Consultant Fonctionnel H/F",https://www.jobzyn.com/fr/companies/Deloitte/jobs/consultant-juniorconsultant-fonctionnel-hf,"Deloitte Extended Services","","CDI","0 - 2 ans","",""
"Consultant Audit Développement Durable et Reporting ESG",https://www.jobzyn.com/fr/companies/Deloitte/jobs/consultant-audit-developpement-durable-et-reporting-esg-casablanca,"Deloitte Extended Services","Casablanca","CDI","0 - 2 ans","",""
"Responsable paie expérimenté(e) F/H",https://www.jobzyn.com/fr/companies/Deloitte/jobs/responsable-paie-experimentee-fh-casablanca,"Deloitte Extended Services","Casablanca","CDI","6 - 9 ans","",""
"Analyste Expérimenté Risques et Conflits d'Intérêt F/H",https://www.jobzyn.com/fr/companies/Deloitte/jobs/analyste-experimente-risques-et-conflits-dinteret-fh-casablanca,"Deloitte Extended Services","Casablanca","CDI","0 - 2 ans","",""
"Contrôleur de gestion Expérimenté F/H",https://www.jobzyn.com/fr/companies/Deloitte/jobs/controleur-de-gestion-experimente-fh-casablanca-1,"Deloitte Extended Services","Casablanca","CDI","3 - 5 ans","",""
"Commercial B2B Senior (Marché Français)",https://www.jobzyn.com/fr/companies/publicis-wbc-morocco/jobs/commercial-b2b-senior-marche-francais-casablanca,"Publicis-WBC Morocco","Casablanca","CDI","","",""
"Responsable de Projet Industriel",https://www.jobzyn.com/fr/companies/innoflex/jobs/responsable-de-projet-industriel-berrechid,"Innoflex","Berrechid","CDI","10 ans et plus","",""
"Software Asset Management Consultant",https://www.jobzyn.com/fr/companies/Deloitte/jobs/software-asset-management-consultant-casablanca,"Deloitte Extended Services","Casablanca","CDI","3 - 5 ans","",""
"Area Sales Manager",https://www.jobzyn.com/fr/companies/innoflex/jobs/area-sales-manager-marrakech,"Innoflex","Marrakech","CDI","3 - 5 ans","",""
"Senior Legal Counsel Morocco",https://www.jobzyn.com/fr/companies/glovo/jobs/senior-legal-advisor-casablanca,"Glovo","Casablanca","CDI","3 - 5 ans","",""
"Marketing Manager",https://www.jobzyn.com/fr/companies/kitea/jobs/marketing-manager-casablanca,"KITEA","Casablanca","CDI","6 - 9 ans","",""
"Responsable data governance",https://www.jobzyn.com/fr/companies/maroc-telecom/jobs/responsable-data-governance-casablanca,"Maroc Telecom","Rabat","CDI","10 ans et plus","",""
"Responsable Marketing Cybersécurité B2B",https://www.jobzyn.com/fr/companies/maroc-telecom/jobs/responsable-marketing-cybersecurite-b2b-casablanca,"Maroc Telecom","Rabat","CDI","3 - 5 ans","",""
"Responsable Marketing Cloud et Data Center",https://www.jobzyn.com/fr/companies/maroc-telecom/jobs/responsable-marketing-cloud-et-data-center-rabat,"Maroc Telecom","Rabat","CDI","3 - 5 ans","",""
"Responsable Communication",https://www.jobzyn.com/fr/companies/maroc-telecom/jobs/responsable-communication,"Maroc Telecom","Rabat","CDI","3 - 5 ans","",""
"Brand Content Manager",https://www.jobzyn.com/fr/companies/maroc-telecom/jobs/brand-content-manager,"Maroc Telecom","Rabat","CDI","3 - 5 ans","",""
"Infographiste & Vidéaste",https://www.jobzyn.com/fr/companies/maroc-telecom/jobs/infographiste-videaste,"Maroc Telecom","Rabat","CDI","3 - 5 ans","",""
"Head of Legal - Africa",https://www.jobzyn.com/fr/companies/glovo/jobs/head-of-legal---africa-casablanca,"Glovo","Casablanca","CDI","10 ans et plus","",""
"E-commerce & Brand Manager – Enia",https://www.jobzyn.com/fr/companies/innoflex/jobs/e-commerce-brand-manager-enia-had-soualem,"Innoflex","Had Soualem","CDI","6 - 9 ans","",""
"Ingénieur en Réseaux Informatiques",https://www.jobzyn.com/fr/companies/maroc-telecom/jobs/ingenieur-en-reseaux-informatiques-rabat,"Maroc Telecom","Rabat","CDI","3 - 5 ans","",""
"Animateur (H/F) – Centre de jeux pour enfants",https://www.jobzyn.com/fr/companies/klk-khayatey/jobs/animateur-casablanca,"KLK Khayatey Living","Casablanca","CDI","0 - 2 ans","",""
"Project Manager Finance de marché",https://www.jobzyn.com/fr/companies/haris-financial/jobs/project-manager-finance,"HARIS FINANCIAL","","CDI","3 - 5 ans","",""
"Métreur",https://www.jobzyn.com/fr/companies/klk-khayatey/jobs/metreur-casablanca,"KLK Khayatey Living","Casablanca","CDI","3 - 5 ans","",""
"Commercial(e) Hôtellerie",https://www.jobzyn.com/fr/companies/klk-khayatey/jobs/commerciale-hotellerie-casablanca,"KLK Khayatey Living","Casablanca","CDI","3 - 5 ans","",""
"Auditeur Financier Junior (H/F) - PwC AC Maroc",https://www.jobzyn.com/fr/companies/pwc-/jobs/auditeur-financier-junior-hf---pwc-services-casablanca,"PwC","Casablanca","CDI","0 - 2 ans","",""
"Consultant transfer pricing - PwC Tax & Legal Services",https://www.jobzyn.com/fr/companies/pwc-/jobs/consultant-transfer-pricing-casablanca,"PwC","Casablanca","CDI","0 - 2 ans","",""
"Commercial Immobilier- Marrakech",https://www.jobzyn.com/fr/companies/klk-khayatey/jobs/commercial-immobilier--marrakech-marrakesh,"KLK Khayatey Living","Marrakesh","CDI","","",""
"Analyst Master Data Management",https://www.jobzyn.com/fr/companies/Deloitte/jobs/analyst-master-data-management-casablanca,"Deloitte Extended Services","Casablanca","CDI","3 - 5 ans","",""
"Technicien·ne Topographe – Copropriété & Cadastre",https://www.jobzyn.com/fr/companies/klk-khayatey/jobs/technicienne-topographe-copropriete-cadastre-casablanca,"KLK Khayatey Living","Casablanca","CDI","","",""
"iOs Product Manager",https://www.jobzyn.com/fr/companies/klk-khayatey/jobs/ios-product-manager-casablanca,"KLK Khayatey Living","Casablanca","CDI","","",""
"Superviseur Production (H/F)",https://www.jobzyn.com/fr/companies/innoflex/jobs/superviseur-production-hf-berrechid,"Innoflex","Berrechid","CDI","","",""
"Superviseur Commercial Région: Rabat-Kénitra",https://www.jobzyn.com/fr/companies/innoflex/jobs/superviseur-commercial-region-rabat-kenitra-rabat,"Innoflex","Rabat","CDI","","",""
"Chargé(e) de Contrôle Interne (H/F)",https://www.jobzyn.com/fr/companies/innoflex/jobs/chargee-de-controle-interne-hf-berrechid,"Innoflex","Berrechid","CDI","","",""
"Superviseur Commercial – Région Tanger-Tétouan (H/F)",https://www.jobzyn.com/fr/companies/innoflex/jobs/superviseur-commercial-region-tanger-tetouan-hf-tangier,"Innoflex","Tangier","CDI","","",""
"Coordinateur(trice) Logistique & Opérations",https://www.jobzyn.com/fr/companies/lnko/jobs/coordinateurtrice-logistique-operations-casablanca,"LNKO","Casablanca","CDI","","",""
"Demand Planner",https://www.jobzyn.com/fr/companies/lnko/jobs/demand-planner-casablanca,"LNKO","Casablanca","CDI","","",""
"Manager des Opérations hôtelières",https://www.jobzyn.com/fr/companies/klk-khayatey/jobs/manager-des-operations-hotelieres-casablanca,"KLK Khayatey Living","Casablanca","CDI","","",""
"Analyste Risque Financier",https://www.jobzyn.com/fr/companies/bank-of-africa/jobs/analyste-de-risque-casablanca,"BANK OF AFRICA","Casablanca","CDI","0 - 2 ans","",""
"Analyste Risque Crédit",https://www.jobzyn.com/fr/companies/bank-of-africa/jobs/analyste-de-risque-casablanca-1,"BANK OF AFRICA","Casablanca","CDI","0 - 2 ans","",""
"CFO – Chief Financial Officer / Late co-fondateur",https://www.jobzyn.com/fr/companies/wafr/jobs/cfo-chief-financial-officer-late-co-fondateur-casablanca,"WafR","Casablanca","CDI","3 - 5 ans","",""
"Commercial(e) Terrain",https://www.jobzyn.com/fr/companies/tst/jobs/commerciale-terrain-casablanca,"TST","Casablanca","CDI","3 - 5 ans","",""
"Consultant Databricks expérimenté F/H",https://www.jobzyn.com/fr/companies/Deloitte/jobs/consultant-databricks-casablanca,"Deloitte Extended Services","Casablanca","CDI","3 - 5 ans","",""
"Data Engineer expérimenté",https://www.jobzyn.com/fr/companies/Deloitte/jobs/data-engineer-experimente-casablanca,"Deloitte Extended Services","Casablanca","CDI","3 - 5 ans","",""
"Consultant expérimenté en Actuariat",https://www.jobzyn.com/fr/companies/pwc-/jobs/consultant-experimente-en-actuariat---pwc-au-maroc-casablanca,"PwC","Casablanca","CDI","3 - 5 ans","",""
"Manager / Consultant Expérimenté en Valuation and Business Modelling – Evaluation et modélisation financière",https://www.jobzyn.com/fr/companies/pwc-/jobs/manager-consultant-experimente-en-valuation-and-business-modelling-evaluation-et-modelisation-financiere--pwc-au-maroc-casablanca,"PwC","Casablanca","CDI","3 - 5 ans","",""
"Analyste financier/Analyste financière Senior",https://www.jobzyn.com/fr/companies/pwc-/jobs/analyste-financier-analyste-financiere-senior,"PwC","Casablanca","CDI","3 - 5 ans","",""
"Consultant en Comptabilité Française",https://www.jobzyn.com/fr/companies/pwc-/jobs/consultant-en-comptabilite-francaise--pwc-au-maroc-casablanca,"PwC","Casablanca","CDI","0 - 2 ans","",""
"Consultant Technico-fonctionnel SAP FI/CO Expérimenté | ERP/SAP | CDI | H/F",https://www.jobzyn.com/fr/companies/pwc-/jobs/consultant-technico-fonctionnel-sap-fico-experimente-erpsap-cdi-hf---pwc-au-maroc-casablanca,"PwC","Casablanca","CDI","3 - 5 ans","",""
"Consultant Junior Audit IT",https://www.jobzyn.com/fr/companies/pwc-/jobs/consultant-junior-audit-it---pwc-au-maroc-casablanca,"PwC","Casablanca","CDI","0 - 2 ans","",""
"Senior Associate/ Manager - Conseil aux organisations | Finance / CSP - GBS | CDI | H/F",https://www.jobzyn.com/fr/companies/pwc-/jobs/senior-associate-manager---conseil-aux-organisations-finance-csp---gbs-cdi-hf---pwc-au-maroc-casablanca,"PwC","Casablanca","CDI","6 - 9 ans","",""
"Technology Consultant",https://www.jobzyn.com/fr/companies/pwc-/jobs/technology-consultant---pwc-au-maroc-casablanca,"PwC","Casablanca","CDI","3 - 5 ans","",""
"Analyste Financier - Valuation & Business Modeling",https://www.jobzyn.com/fr/companies/pwc-/jobs/analyste-financier---valuation-business-modeling---pwc-au-maroc-casablanca,"PwC","Casablanca","CDI","3 - 5 ans","",""
"Managers/Senior Managers- Tax (H/F)",https://www.jobzyn.com/fr/companies/pwc-/jobs/managerssenior-managers--tax-hf-casablanca,"PwC","Casablanca","CDI","6 - 9 ans","",""
"Auditeur Financier Senior (H/F) - PwC Services",https://www.jobzyn.com/fr/companies/pwc-/jobs/auditeur-financier-senior-hf---pwc-services-casablanca,"PwC","Casablanca","CDI","3 - 5 ans","",""
"Pursuit Lead / Bid Manager",https://www.jobzyn.com/fr/companies/Deloitte/jobs/pursuit-lead-bid-manager-responsibilities-casablanca,"Deloitte Extended Services","Casablanca","CDI","6 - 9 ans","",""
"Directeur / Directrice",https://www.jobzyn.com/fr/companies/accuracy/jobs/directeur-directrice-casablanca,"Accuracy","Casablanca","CDI","10 ans et plus","",""
"Bid Coordinator",https://www.jobzyn.com/fr/companies/intelcia/jobs/bid-coordinator,"Intelcia","Casablanca","CDI","3 - 5 ans","",""
"Data Engineer",https://www.jobzyn.com/fr/companies/seven/jobs/data-engineer-casablanca,"SEVEN","Casablanca","CDI","3 - 5 ans","",""
"Consultant Sr / Manager DATA",https://www.jobzyn.com/fr/companies/seven/jobs/consultant-sr-manager-data-casablanca,"SEVEN","Casablanca","CDI","3 - 5 ans","",""
"Consultant Sr / Chef de projet Digital",https://www.jobzyn.com/fr/companies/seven/jobs/consultant-sr-chef-de-projet-digital-casablanca,"SEVEN","Casablanca","CDI","3 - 5 ans","",""
"Auditeur Junior H/F",https://www.jobzyn.com/fr/companies/Deloitte/jobs/auditeur-junior-hf-casablanca,"Deloitte Extended Services","Casablanca","CDI","0 - 2 ans","",""
"Consultant Junior Achat",https://www.jobzyn.com/fr/companies/Deloitte/jobs/consultant-junior-en-optimisation-des-processus-transactionnels-finance-casablanca,"Deloitte Extended Services","Casablanca","CDI","0 - 2 ans","",""
"Comptable confirmé(e)",https://www.jobzyn.com/fr/companies/ad-associes-pkf/jobs/comptable-confirmee-casablanca,"AD Associés PKF","Casablanca","CDI","3 - 5 ans","",""
"Auditeur Confirmé(e)",https://www.jobzyn.com/fr/companies/ad-associes-pkf/jobs/auditeur-confirme-casablanca,"AD Associés PKF","Casablanca","CDI","3 - 5 ans","",""
"Comptable hôtellerie",https://www.jobzyn.com/fr/companies/klk-khayatey/jobs/comptable-casablanca,"KLK Khayatey Living","Casablanca","CDI","3 - 5 ans","",""
"Responsable Développement BIM",https://www.jobzyn.com/fr/companies/klk-khayatey/jobs/bim-manager-a-profil-commercial-casablanca,"KLK Khayatey Living","Casablanca","CDI","","",""
"Commercial Immobilier- Casablanca",https://www.jobzyn.com/fr/companies/klk-khayatey/jobs/commercial-immobilier-casablanca,"KLK Khayatey Living","Casablanca","CDI","","",""
"Chef de Projet",https://www.jobzyn.com/fr/companies/innoflex/jobs/chef-de-projet-berrechid,"Innoflex","Berrechid","CDI","","",""
"Consultant Junior – Finance Strategy (F/H)",https://www.jobzyn.com/fr/companies/Deloitte/jobs/consultant-junior-finance-strategy-fh-consultant-junior-finance-strategy-fh-casablanca,"Deloitte Extended Services","Casablanca","CDI","0 - 2 ans","",""
"Account Manager",https://www.jobzyn.com/fr/companies/intelcia/jobs/account-manager,"Intelcia","Casablanca","Autre","6 - 9 ans","",""
"Responsable Développement Réseau",https://www.jobzyn.com/fr/companies/innoflex/jobs/responsable-developpement-reseau-berrechid,"Innoflex","Berrechid","CDI","","",""
"Contrôleur de gestion Expérimenté F/H",https://www.jobzyn.com/fr/companies/Deloitte/jobs/controleur-de-gestion-experimente-fh-casablanca,"Deloitte Extended Services","Casablanca","CDI","3 - 5 ans","",""
"Consultant Change Management Senior (Organisation / Transformation)",https://www.jobzyn.com/fr/companies/Deloitte/jobs/consultant-change-management-senior-organisation-transformation,"Deloitte Extended Services","Casablanca","CDI","6 - 9 ans","",""
"Responsable Qualité",https://www.jobzyn.com/fr/companies/TGCC/jobs/responsable-qualite-casablanca,"TGCC","Casablanca","CDI","3 - 5 ans","",""
"Analyste ALM",https://www.jobzyn.com/fr/companies/bank-of-africa/jobs/analyste-alm-casablanca,"BANK OF AFRICA","Casablanca","CDI","3 - 5 ans","",""
"Conseiller Juridique",https://www.jobzyn.com/fr/companies/bank-of-africa/jobs/conseiller-juridique-casablanca,"BANK OF AFRICA","Casablanca","CDI","3 - 5 ans","",""
"Consultant en Paie Française",https://www.jobzyn.com/fr/companies/Deloitte/jobs/consultant-paie-experimentee---casablanca,"Deloitte Extended Services","Casablanca","CDI","3 - 5 ans","",""
"HR Business Partner",https://www.jobzyn.com/fr/companies/Jobzyn/jobs/hr-business-partner-casablanca-1,"Jobzyn","Casablanca","CDI","","",""
"Chargé de Comptes Entreprises (CCE)",https://www.jobzyn.com/fr/companies/bank-of-africa/jobs/charge-de-comptes-entreprises-cce,"BANK OF AFRICA","","CDI","0 - 2 ans","",""
"Chargé d’Affaires Entreprises (CAE)",https://www.jobzyn.com/fr/companies/bank-of-africa/jobs/charge-daffaires-entreprises-cae,"BANK OF AFRICA","","CDI","0 - 2 ans","",""
"Expert SI Monétique",https://www.jobzyn.com/fr/companies/inwi/jobs/expert-si-monetique-casablanca,"inwi","Casablanca","CDI","6 - 9 ans","",""
"Manager Grands Comptes, Casablanca",https://www.jobzyn.com/fr/companies/inwi/jobs/manager-grands-comptes-casablanca-casablanca,"inwi","Casablanca","CDI","6 - 9 ans","",""
"Expert technique SI Ventes",https://www.jobzyn.com/fr/companies/inwi/jobs/expert-technique-si-ventes-casablanca,"inwi","Casablanca","CDI","6 - 9 ans","",""
"Manager Expérience client Home",https://www.jobzyn.com/fr/companies/inwi/jobs/manager-experience-client-home-casablanca,"inwi","Casablanca","CDI","10 ans et plus","",""
"Product Owner",https://www.jobzyn.com/fr/companies/inwi/jobs/product-owner-casablanca,"inwi","Casablanca","CDI","10 ans et plus","",""
"Administrateur/Développeur CRM Salesforce",https://www.jobzyn.com/fr/companies/inwi/jobs/administrateurdeveloppeur-crm-salesforce-casablanca,"inwi","Casablanca","CDI","0 - 2 ans","",""
"Responsable Développement Commercial",https://www.jobzyn.com/fr/companies/inwi/jobs/responsable-developpement-commercial-casablanca,"inwi","Casablanca","CDI","3 - 5 ans","",""
"Manager Projets Coporate - Supply Chain",https://www.jobzyn.com/fr/companies/inwi/jobs/manager-projets-coporate---supply-chain-casablanca,"inwi","Casablanca","CDI","10 ans et plus","",""
"Manager Projets Coporate - Billing & Recouvrement",https://www.jobzyn.com/fr/companies/inwi/jobs/manager-projets-coporate---billing-recouvrement-casablanca,"inwi","Casablanca","CDI","10 ans et plus","",""
"Manager MOA",https://www.jobzyn.com/fr/companies/inwi/jobs/manager-moa-casablanca,"inwi","Casablanca","CDI","6 - 9 ans","",""
"Manager Marketing",https://www.jobzyn.com/fr/companies/inwi/jobs/manager-marketing-casablanca,"inwi","Casablanca","CDI","6 - 9 ans","",""
"Manager Marketing offres Home",https://www.jobzyn.com/fr/companies/inwi/jobs/manager-marketing-offres-home-casablanca,"inwi","Casablanca","CDI","10 ans et plus","",""
"Manager offres Home Valeur",https://www.jobzyn.com/fr/companies/inwi/jobs/manager-offres-home-valeur-casablanca,"inwi","Casablanca","CDI","6 - 9 ans","",""
"Chef de Projet Déploiement Fibre Optique",https://www.jobzyn.com/fr/companies/inwi/jobs/chef-de-projet-deploiement-fibre-optique-casablanca,"inwi","Casablanca","CDI","6 - 9 ans","",""
"Analyste Cybersécurité Digitale",https://www.jobzyn.com/fr/companies/inwi/jobs/analyste-cybersecurite-digitale-casablanca,"inwi","Casablanca","CDI","3 - 5 ans","",""
"Technical Product Owner",https://www.jobzyn.com/fr/companies/inwi/jobs/technical-product-owner-casablanca,"inwi","Casablanca","CDI","6 - 9 ans","",""
"Manager Offres et Pilotage",https://www.jobzyn.com/fr/companies/inwi/jobs/manager-offres-et-pilotage-casablanca,"inwi","Casablanca","CDI","6 - 9 ans","",""
"Manager Contrôle Patrimoine",https://www.jobzyn.com/fr/companies/inwi/jobs/manager-controle-patrimoine-casablanca,"inwi","Casablanca","CDI","3 - 5 ans","",""
"Responsable Produit VAS",https://www.jobzyn.com/fr/companies/inwi/jobs/responsable-produit-vas-casablanca,"inwi","Casablanca","CDI","6 - 9 ans","",""
"Expert Infrastructure IT",https://www.jobzyn.com/fr/companies/inwi/jobs/expert-infrastructure-it-casablanca,"inwi","Casablanca","CDI","6 - 9 ans","",""
"Chef de Projets",https://www.jobzyn.com/fr/companies/inwi/jobs/chef-de-projets-casablanca,"inwi","Casablanca","CDI","6 - 9 ans","",""
"Manager Solutions B2B",https://www.jobzyn.com/fr/companies/inwi/jobs/manager-solutions-b2b-casablanca,"inwi","Casablanca","CDI","6 - 9 ans","",""
"Consultant Junior – Transformation Finance",https://www.jobzyn.com/fr/companies/Deloitte/jobs/consultant-junior-transformation-finance-casablanca,"Deloitte Extended Services","Casablanca","CDI","0 - 2 ans","",""
"Consultant Junior Actuaire (H/F)",https://www.jobzyn.com/fr/companies/Deloitte/jobs/consultant-junior-actuaire-hf-casablanca,"Deloitte Extended Services","Casablanca","CDI","0 - 2 ans","",""
"Conseiller Commercial Immobilier",https://www.jobzyn.com/fr/companies/agenz/jobs/conseiller-commercial-terrain-casablanca,"Agenz","Casablanca","CDI","3 - 5 ans","",""
"Conseiller Commercial Immobilier",https://www.jobzyn.com/fr/companies/agenz/jobs/conseiller-commercial-terrain-rabat,"Agenz","Rabat","CDI","3 - 5 ans","",""
"Directeur Qualité",https://www.jobzyn.com/fr/companies/Maghreb-Industries/jobs/directeur-qualite-casablanca,"Maghreb Industries","Casablanca","CDI","10 ans et plus","",""
"Responsable Assurance Qualité",https://www.jobzyn.com/fr/companies/Maghreb-Industries/jobs/responsable-assurance-qualite-casablanca,"Maghreb Industries","Casablanca","CDI","6 - 9 ans","",""
"Consultant(e) Corporate Trader Junior",https://www.jobzyn.com/fr/companies/haris-financial/jobs/consultante-corporate-traderjunior-casablanca,"HARIS FINANCIAL","Casablanca","CDI","0 - 2 ans","",""
"Business Analyst Technique - Finance de marché",https://www.jobzyn.com/fr/companies/haris-financial/jobs/business-analyst-technique---finance-de-marche-casablanca,"HARIS FINANCIAL","Casablanca","CDI","3 - 5 ans","",""
"Responsable levée des fonds",https://www.jobzyn.com/fr/companies/fondation-yzza-slaoui/jobs/responsable-levee-des-fonds-casablanca,"Fondation Yzza Slaoui","Casablanca","CDI","6 - 9 ans","",""
"Conseiller Commercial Immobilier",https://www.jobzyn.com/fr/companies/agenz/jobs/conseiller-commercial-immobilier-marrakech,"Agenz","Marrakech","CDI","3 - 5 ans","",""
"Manager en Expertise Comptable",https://www.jobzyn.com/fr/companies/ad-associes-pkf/jobs/manager-en-expertise-comptable-casablanca,"AD Associés PKF","Casablanca","CDI","6 - 9 ans","",""
"Senior Consultant",https://www.jobzyn.com/fr/companies/artefact/jobs/senior-data-consultant-casablanca,"ARTEFACT","Casablanca","CDI","3 - 5 ans","",""
"Consulting Manager",https://www.jobzyn.com/fr/companies/artefact/jobs/consulting-data-manager-casablanca,"ARTEFACT","Casablanca","CDI","3 - 5 ans","",""
"Chef de Projet Chantier",https://www.jobzyn.com/fr/companies/alazrak/jobs/chef-de-projet-chantier-casablanca,"A.Lazrak","Casablanca","CDI","3 - 5 ans","",""
"Senior Manager (strategy)",https://www.jobzyn.com/fr/companies/jesa-ads/jobs/senior-manager-strategy-casablanca,"JESA Advisory","Casablanca","CDI","10 ans et plus","",""
"Manager (Strategy)",https://www.jobzyn.com/fr/companies/jesa-ads/jobs/manager-strategy-casablanca,"JESA Advisory","Casablanca","CDI","6 - 9 ans","",""
"Manager-Senior Consultant HR Transformation : Workday / SuccessFactors / Oracle",https://www.jobzyn.com/fr/companies/Deloitte/jobs/senior-consultant-hr-transformation-workday-successfactors-oracle-casablanca,"Deloitte Extended Services","Casablanca","CDI","6 - 9 ans","",""
"Investment Banking Intern",https://www.jobzyn.com/fr/companies/majorelle-capital/jobs/investment-banking-analyst-interns-casablanca,"Majorelle Capital","Casablanca","Stage","0 - 2 ans","",""
"Investment Banking Analyst",https://www.jobzyn.com/fr/companies/majorelle-capital/jobs/investment-banking-analysts-associates-casablanca,"Majorelle Capital","Casablanca","CDI","0 - 2 ans","",""
"Investment Banking Associate",https://www.jobzyn.com/fr/companies/majorelle-capital/jobs/investment-banking-associate-casablanca,"Majorelle Capital","Casablanca","CDI","3 - 5 ans","",""
"Superviseur Qualité - Génie Civil",https://www.jobzyn.com/fr/companies/TGCC/jobs/superviseur-qualite-fes,"TGCC","Rabat","CDI","3 - 5 ans","",""
"Data analyst expert in business intelligence",https://www.jobzyn.com/fr/companies/cypher/jobs/data-analyst-expert-in-business-intelligence-casablanca,"Cypher","Casablanca","Autre","3 - 5 ans","",""
"Chef de Projet RH",https://www.jobzyn.com/fr/companies/bank-of-africa/jobs/chef-de-projet-rh-casablanca,"BANK OF AFRICA","Casablanca","CDI","3 - 5 ans","",""
"Entrepreneurship Program Manager Senior",https://www.jobzyn.com/fr/companies/bank-of-africa/jobs/entrepreneurship-program-manager-senior-casablanca,"BANK OF AFRICA","Casablanca","CDI","6 - 9 ans","",""
"Innovation Program Manager Senior",https://www.jobzyn.com/fr/companies/bank-of-africa/jobs/innovation-program-manager-senior-casablanca,"BANK OF AFRICA","Casablanca","CDI","6 - 9 ans","",""
"Chargé d’Affaires Senior - Financement Corporate",https://www.jobzyn.com/fr/companies/bank-of-africa/jobs/charge-daffaires-senior---financement-corporate-casablanca,"BANK OF AFRICA","Casablanca","CDI","3 - 5 ans","",""
"Chargé d'investissement PME",https://www.jobzyn.com/fr/companies/bank-of-africa/jobs/charge-dinvestissement-pme-casablanca,"BANK OF AFRICA","Casablanca","CDI","3 - 5 ans","",""
"Chargé d'investissement - Tourisme et Immobilier",https://www.jobzyn.com/fr/companies/bank-of-africa/jobs/charge-dinvestissement---tourisme-et-immobilier-casablanca,"BANK OF AFRICA","Casablanca","CDI","3 - 5 ans","",""
"Responsable Financement Tourisme & Immobilier GE",https://www.jobzyn.com/fr/companies/bank-of-africa/jobs/responsable-financement-tourisme-immobilier-ge-casablanca,"BANK OF AFRICA","Casablanca","CDI","6 - 9 ans","",""
"Auditeur Junior",https://www.jobzyn.com/fr/companies/bank-of-africa/jobs/auditeur-junior-casablanca,"BANK OF AFRICA","Casablanca","CDI","0 - 2 ans","",""
"Auditeur Sénior",https://www.jobzyn.com/fr/companies/bank-of-africa/jobs/auditeur-senior-casablanca,"BANK OF AFRICA","Casablanca","CDI","3 - 5 ans","",""
"Auditeurs Chefs de missions",https://www.jobzyn.com/fr/companies/bank-of-africa/jobs/auditeurs-chefs-de-missions-casablanca,"BANK OF AFRICA","Casablanca","CDI","6 - 9 ans","",""
"Auditeur IT",https://www.jobzyn.com/fr/companies/bank-of-africa/jobs/auditeur-it-casablanca,"BANK OF AFRICA","Casablanca","CDI","3 - 5 ans","",""
"Analyste Financier Sénior - Participation & Synergie",https://www.jobzyn.com/fr/companies/bank-of-africa/jobs/analyste-financier-senior---participation-synergie-casablanca,"BANK OF AFRICA","Casablanca","CDI","6 - 9 ans","",""
"Chef de Projet "Outils et Assistance Technique"",https://www.jobzyn.com/fr/companies/bank-of-africa/jobs/chef-de-projet-outils-et-assistance-technique-casablanca,"BANK OF AFRICA","Casablanca","CDI","3 - 5 ans","",""
"Chef de Projet "Projets Conformité Groupe"",https://www.jobzyn.com/fr/companies/bank-of-africa/jobs/chef-de-projet-projets-conformite-groupe-casablanca,"BANK OF AFRICA","Casablanca","CDI","3 - 5 ans","",""
"Chargé de Pilotage et de Consolidation Filiales",https://www.jobzyn.com/fr/companies/bank-of-africa/jobs/charge-de-pilotage-et-de-consolidation-filiales-casablanca,"BANK OF AFRICA","Casablanca","CDI","3 - 5 ans","",""
"Analyste Sécurité Financière Groupe",https://www.jobzyn.com/fr/companies/bank-of-africa/jobs/analyste-securite-financiere-groupe-casablanca,"BANK OF AFRICA","Casablanca","CDI","3 - 5 ans","",""
"Analyste Risque Marché",https://www.jobzyn.com/fr/companies/bank-of-africa/jobs/analyste-risque-marche-casablanca,"BANK OF AFRICA","Casablanca","CDI","3 - 5 ans","",""
"Analyste Crédit",https://www.jobzyn.com/fr/companies/bank-of-africa/jobs/analyste-credit-casablanca,"BANK OF AFRICA","Casablanca","CDI","3 - 5 ans","",""
"Analyste Risques Opérationnels",https://www.jobzyn.com/fr/companies/bank-of-africa/jobs/analyste-risques-operationnels-casablanca,"BANK OF AFRICA","Casablanca","CDI","3 - 5 ans","",""
"Chargé d'Affaires Entreprise",https://www.jobzyn.com/fr/companies/bank-of-africa/jobs/charge-daffaires-entreprise-casablanca,"BANK OF AFRICA","Casablanca","CDI","3 - 5 ans","",""
"Chef de Projet AMOA",https://www.jobzyn.com/fr/companies/bank-of-africa/jobs/chef-de-projet-amoa-casablanca,"BANK OF AFRICA","Casablanca","CDI","3 - 5 ans","",""
"Chef de Projet Organisation & Change",https://www.jobzyn.com/fr/companies/bank-of-africa/jobs/chef-de-projet-organisation-change-casablanca,"BANK OF AFRICA","Casablanca","CDI","3 - 5 ans","",""
"Dessinateur en menuiserie aluminium",https://www.jobzyn.com/fr/companies/TGCC/jobs/dessinateur-en-menuiserie-aluminium-casablanca,"TGCC","Casablanca","CDI","3 - 5 ans","",""
"Directeur de projets",https://www.jobzyn.com/fr/companies/TGCC/jobs/directeurtrice-de-projets-casablanca,"TGCC","Casablanca","CDI","10 ans et plus","",""
"Électricien Industriel",https://www.jobzyn.com/fr/companies/Maghreb-Industries/jobs/electricien-industriel-nouasseur,"Maghreb Industries","Nouasseur","CDI","3 - 5 ans","",""
"Chef de Projet Informatique",https://www.jobzyn.com/fr/companies/alazrak/jobs/chef-de-projet-informatique-casablanca,"A.Lazrak","Casablanca","CDI","3 - 5 ans","",""
"Responsable Études de Prix",https://www.jobzyn.com/fr/companies/alazrak/jobs/responsable-etudes-de-prix-casablanca,"A.Lazrak","Casablanca","CDI","6 - 9 ans","",""
"Responsable Planification des Projets de Construction",https://www.jobzyn.com/fr/companies/alazrak/jobs/responsable-planification-des-projets-de-construction-casablanca,"A.Lazrak","Casablanca","CDI","6 - 9 ans","",""
"Consultante(e) EPM/Anaplan",https://www.jobzyn.com/fr/companies/Deloitte/jobs/consultantee-epmanaplan-casablanca,"Deloitte Extended Services","Casablanca","CDI","0 - 2 ans","",""
"Data Steward Clients Fournisseurs (H/F)",https://www.jobzyn.com/fr/companies/Deloitte/jobs/data-steward-clients-fournisseurs-hf-casablanca,"Deloitte Extended Services","Casablanca","CDI","0 - 2 ans","",""
"Assistant(e) de direction expérimenté(e) F/H",https://www.jobzyn.com/fr/companies/Deloitte/jobs/assistante-de-direction-experimentee-fh-casablanca,"Deloitte Extended Services","Casablanca","CDI","0 - 2 ans","",""
"Senior Analyst (English Speaking)",https://www.jobzyn.com/fr/companies/Deloitte/jobs/chargee-de-facturation-anglophone-casablanca,"Deloitte Extended Services","Casablanca","CDI","3 - 5 ans","",""
"Juriste Confirmé",https://www.jobzyn.com/fr/companies/klk-khayatey/jobs/juriste-confirme-casablanca,"KLK Khayatey Living","Casablanca","CDI","3 - 5 ans","",""
"Consultant Junior – Transformation Finance (H/F)",https://www.jobzyn.com/fr/companies/Deloitte/jobs/r-3377-consultant-junior-transformation-finance-hf-casablanca,"Deloitte Extended Services","Casablanca","CDI","0 - 2 ans","",""
"Consultant Expérimenté Oracle Cloud ERP F/H",https://www.jobzyn.com/fr/companies/Deloitte/jobs/r-5737-consultant-experimente-oracle-cloud-erp-fh-casablanca,"Deloitte Extended Services","Casablanca","CDI","3 - 5 ans","",""
"Consultant Expérimenté Transaction Services FSI - Secteur Banque/Assurance (H/F)",https://www.jobzyn.com/fr/companies/Deloitte/jobs/r-5879-consultant-experimente-transaction-services-fsi---secteur-banqueassurance-hf-casablanca,"Deloitte Extended Services","Casablanca","CDI","3 - 5 ans","",""
"Consultant Software Asset Management (H/F)",https://www.jobzyn.com/fr/companies/Deloitte/jobs/r-6303-consultant-software-asset-management-hf-casablanca,"Deloitte Extended Services","Casablanca","CDI","0 - 2 ans","",""
"Consultant Expérimenté Fonctionnel SAP F/H",https://www.jobzyn.com/fr/companies/Deloitte/jobs/r-6611-consultant-experimente-fonctionnel-sap-fh-casablanca,"Deloitte Extended Services","Casablanca","CDI","6 - 9 ans","",""
"Consultant Expérimenté Salesforce F/H",https://www.jobzyn.com/fr/companies/Deloitte/jobs/r-6809-consultant-experimente-salesforce-fh-casablanca,"Deloitte Extended Services","Casablanca","CDI","3 - 5 ans","",""
"Consultant Integration/Mulesoft F/H",https://www.jobzyn.com/fr/companies/Deloitte/jobs/r-6908-consultant-integrationmulesoft-hf-casablanca,"Deloitte Extended Services","Casablanca","CDI","0 - 2 ans","",""
"Consultant Expérimenté Reporting Consolidé F/H",https://www.jobzyn.com/fr/companies/Deloitte/jobs/r-6949-consultant-experimente-reporting-consolide-fh-casablanca,"Deloitte Extended Services","Casablanca","CDI","3 - 5 ans","",""
"Responsable Trésorerie",https://www.jobzyn.com/fr/companies/Maghreb-Industries/jobs/responsable-tresorerie-nouasseur,"Maghreb Industries","Nouasseur","CDI","6 - 9 ans","",""
"Responsable Technique",https://www.jobzyn.com/fr/companies/Maghreb-Industries/jobs/responsable-technique-nouasseur,"Maghreb Industries","Nouasseur","CDI","10 ans et plus","",""
"Responsable de Production",https://www.jobzyn.com/fr/companies/Maghreb-Industries/jobs/responsable-de-production-nouasseur,"Maghreb Industries","Nouasseur","CDI","6 - 9 ans","",""
"Responsable Méthodes",https://www.jobzyn.com/fr/companies/Maghreb-Industries/jobs/responsable-methodes-nouasseur,"Maghreb Industries","Nouasseur","CDI","6 - 9 ans","",""
"Technicien de Maintenance",https://www.jobzyn.com/fr/companies/Maghreb-Industries/jobs/technicien-de-maintenance-nouasseur,"Maghreb Industries","Nouasseur","CDI","3 - 5 ans","",""
"Électromécanicien",https://www.jobzyn.com/fr/companies/Maghreb-Industries/jobs/electromecanicien-nouasseur,"Maghreb Industries","Nouasseur","CDI","3 - 5 ans","",""
"Chaudronnier",https://www.jobzyn.com/fr/companies/Maghreb-Industries/jobs/chaudronnier-nouasseur,"Maghreb Industries","Nouasseur","CDI","3 - 5 ans","",""
"Comptable expérimenté(e)",https://www.jobzyn.com/fr/companies/alazrak/jobs/comptable-experimentee-casablanca,"A.Lazrak","Casablanca","CDI","0 - 2 ans","",""
"Chargé du Controle de gestion",https://www.jobzyn.com/fr/companies/alazrak/jobs/charge-du-controle-de-gestion-casablanca,"A.Lazrak","Casablanca","CDI","3 - 5 ans","",""
"Responsable Magasins (Stock et Produits Finis)",https://www.jobzyn.com/fr/companies/Maghreb-Industries/jobs/responsable-magasins-stock-et-produits-finis-nouasseur,"Maghreb Industries","Nouasseur","CDI","6 - 9 ans","",""
"Approvisionneur",https://www.jobzyn.com/fr/companies/bottu/jobs/approvisionneur-casablanca,"Bottu","Casablanca","CDI","3 - 5 ans","",""
"Senior Consultant HR Transformation (SIRH)",https://www.jobzyn.com/fr/companies/Deloitte/jobs/senior-consultant-hr-transformation-sirh-casablanca,"Deloitte Extended Services","Casablanca","CDI","6 - 9 ans","",""
"Consultant Expérimenté Fonctionnel AMOA ERP F/H",https://www.jobzyn.com/fr/companies/Deloitte/jobs/consultant-experimente-fonctionnel-amoa-erp-fh-casablanca,"Deloitte Extended Services","Casablanca","CDI","3 - 5 ans","",""
"Consultant Expérimenté - Organisation & Transformation F/H",https://www.jobzyn.com/fr/companies/Deloitte/jobs/consultant-experimente---organisation-transformation-fh-casablanca,"Deloitte Extended Services","Casablanca","CDI","3 - 5 ans","",""
"Concepteur Vendeur (commercial)",https://www.jobzyn.com/fr/companies/kitea/jobs/concepteur-vendeur-commercial-casablanca,"KITEA","Casablanca","CDI","3 - 5 ans","",""
"Senior Financial Analyst",https://www.jobzyn.com/fr/companies/cypher/jobs/senior-financial-analyst-casablanca,"Cypher","Casablanca","CDI","6 - 9 ans","",""
"Directeur BU Retail",https://www.jobzyn.com/fr/companies/innoflex/jobs/directeur-bu-retail-casablanca,"Innoflex","Casablanca","CDI","6 - 9 ans","",""
"Chief Technical Officer",https://www.jobzyn.com/fr/companies/Akumenia/jobs/chief-technical-officer-casablanca,"Akumenia","Casablanca","CDI","10 ans et plus","",""
"AI engineer / Data scientist",https://www.jobzyn.com/fr/companies/Akumenia/jobs/ai-engineer-data-scientist-casablanca,"Akumenia","Casablanca","CDI","3 - 5 ans","",""
"Data Engineer",https://www.jobzyn.com/fr/companies/Akumenia/jobs/data-engineer-casablanca,"Akumenia","Casablanca","CDI","3 - 5 ans","",""
"Data consultant",https://www.jobzyn.com/fr/companies/Akumenia/jobs/data-consultant-casablanca,"Akumenia","Casablanca","CDI","3 - 5 ans","",""
"Chef de projet SIRH",https://www.jobzyn.com/fr/companies/intelcia/jobs/chef-de-projet-sirh,"Intelcia","Casablanca","CDI","0 - 2 ans","",""
"Consultant Expérimenté Technique SAP F/H",https://www.jobzyn.com/fr/companies/Deloitte/jobs/r-2260-consultant-experimente-technique-sap-fh-open-casablanca,"Deloitte Extended Services","Casablanca","CDI","3 - 5 ans","",""
"Manager / Senior Manager SAP F/H",https://www.jobzyn.com/fr/companies/Deloitte/jobs/r-3235-manager-senior-manager-sap-fh-casablanca,"Deloitte Extended Services","Casablanca","CDI","10 ans et plus","",""
"Chef de Produit",https://www.jobzyn.com/fr/companies/bottu/jobs/chef-de-produit-complements-alimentaires-casablanca,"Bottu","Casablanca","CDI","3 - 5 ans","",""
"Consultant (Strategy)",https://www.jobzyn.com/fr/companies/jesa-ads/jobs/consultant-casablanca,"JESA Advisory","Casablanca","CDI","3 - 5 ans","",""
"Associate Consultant (Strategy)",https://www.jobzyn.com/fr/companies/jesa-ads/jobs/associate-consultant-casablanca,"JESA Advisory","Casablanca","CDI","0 - 2 ans","",""
"Ingénieur Production",https://www.jobzyn.com/fr/companies/bottu/jobs/ingenieur-production,"Bottu","Casablanca","CDI","3 - 5 ans","",""
"Senior Consultant (Strategy)",https://www.jobzyn.com/fr/companies/jesa-ads/jobs/senior-consultant-manager-casablanca,"JESA Advisory","Casablanca","CDI","6 - 9 ans","",""
"Chargé de Méthodes",https://www.jobzyn.com/fr/companies/bottu/jobs/charge-de-methodes--casablanca,"Bottu","Casablanca","CDI","3 - 5 ans","",""
"Juriste senior - Anglophone",https://www.jobzyn.com/fr/companies/bottu/jobs/juriste-senior-casablanca,"Bottu","Casablanca","CDI","6 - 9 ans","",""
"Chargé Etudes de Marché",https://www.jobzyn.com/fr/companies/bottu/jobs/charge-etudes-de-marche-casablanca,"Bottu","Casablanca","CDI","3 - 5 ans","",""
"Data Engineer",https://www.jobzyn.com/fr/companies/artefact/jobs/data-engineer-junior-casablanca,"ARTEFACT","Casablanca","CDI","0 - 2 ans","",""
"Data Engineer Senior",https://www.jobzyn.com/fr/companies/artefact/jobs/data-engineer-senior-casablanca,"ARTEFACT","Casablanca","CDI","3 - 5 ans","",""
"Data Engineer Manager",https://www.jobzyn.com/fr/companies/artefact/jobs/data-engineer-manager-casablanca,"ARTEFACT","Casablanca","CDI","3 - 5 ans","",""
"Data Scientist",https://www.jobzyn.com/fr/companies/artefact/jobs/data-scientist-senior-casablanca,"ARTEFACT","Casablanca","CDI","3 - 5 ans","",""
"Data Analyst",https://www.jobzyn.com/fr/companies/artefact/jobs/data-analyst-senior-casablanca,"ARTEFACT","Casablanca","CDI","3 - 5 ans","",""
"Data Analyst",https://www.jobzyn.com/fr/companies/artefact/jobs/data-analyst-manager-casablanca,"ARTEFACT","Casablanca","CDI","6 - 9 ans","",""
"Consultant(e) Junior",https://www.jobzyn.com/fr/companies/valyans/jobs/consultante-junior-casablanca,"Valyans","Casablanca","CDI","0 - 2 ans","",""
"Consultant(e) Junior",https://www.jobzyn.com/fr/companies/valyans/jobs/consultante-junior-rabat,"Valyans","Rabat","CDI","0 - 2 ans","",""
"Consultant(e) Senior",https://www.jobzyn.com/fr/companies/valyans/jobs/consultante-senior-casablanca,"Valyans","Casablanca","CDI","3 - 5 ans","",""
"Consultant(e) Senior",https://www.jobzyn.com/fr/companies/valyans/jobs/consultante-senior-rabat,"Valyans","Rabat","CDI","3 - 5 ans","",""
"Directeur Magasin Adjoint",https://www.jobzyn.com/fr/companies/kitea/jobs/directeur-magasin-adjoint,"KITEA","","CDI","3 - 5 ans","",""
"Assistant(e) Commercial(e)",https://www.jobzyn.com/fr/companies/kitea/jobs/assistante-commerciale-casablanca,"KITEA","Casablanca","Autre","0 - 2 ans","",""
"Category Manager",https://www.jobzyn.com/fr/companies/kitea/jobs/category-manager-cac-casablanca,"KITEA","Casablanca","CDI","3 - 5 ans","",""
"Brands Ads Intern",https://www.jobzyn.com/fr/companies/glovo/jobs/brands-ads-intern-casablanca,"Glovo","Casablanca","CDI","0 - 2 ans","",""
"Sales Team Lead - Morocco",https://www.jobzyn.com/fr/companies/glovo/jobs/sales-team-lead---morocco-casablanca,"Glovo","Casablanca","CDI","3 - 5 ans","",""
"Chargé des ressources humaines",https://www.jobzyn.com/fr/companies/lnko/jobs/human-resources-business-partner-casablanca,"LNKO","Casablanca","CDI","0 - 2 ans","",""
"Acheteur",https://www.jobzyn.com/fr/companies/kitea/jobs/acheteur-casablanca,"KITEA","Casablanca","CDI","3 - 5 ans","",""
"Consultant associate senior",https://www.jobzyn.com/fr/companies/accuracy/jobs/consultant-associate-senior-casablanca,"Accuracy","Casablanca","CDI","3 - 5 ans","",""
"Consultant associate",https://www.jobzyn.com/fr/companies/accuracy/jobs/consultant-associate-casablanca,"Accuracy","Casablanca","CDI","3 - 5 ans","",""
"Consultant stagiaire",https://www.jobzyn.com/fr/companies/accuracy/jobs/consultant-stagiaire-casablanca,"Accuracy","Casablanca","Stage","0 - 2 ans","",""
"Consultant analyste",https://www.jobzyn.com/fr/companies/accuracy/jobs/consultant-analyste-casablanca,"Accuracy","Casablanca","CDI","0 - 2 ans","",""
"Accounting Junior",https://www.jobzyn.com/fr/companies/cypher/jobs/accounting-junior-casablanca,"Cypher","Casablanca","CDI","","",""
"Accounting Senior",https://www.jobzyn.com/fr/companies/cypher/jobs/accounting-senior-casablanca,"Cypher","Casablanca","CDI","","",""
"Accounting Manager",https://www.jobzyn.com/fr/companies/cypher/jobs/accounting-manager-casablanca,"Cypher","Casablanca","CDI","","",""
"Financial Analyst",https://www.jobzyn.com/fr/companies/cypher/jobs/financial-analyst-casablanca,"Cypher","Casablanca","CDI","","",""
"Financial Reporting Manager",https://www.jobzyn.com/fr/companies/cypher/jobs/financial-reporting-manager-casablanca,"Cypher","Casablanca","CDI","","",""
"AI Engineer / Data Scientist Expérimenté F/H",https://www.jobzyn.com/fr/companies/Deloitte/jobs/postes-ai-engineer-data-scientist-experimente-casablanca,"Deloitte Extended Services","Casablanca","CDI","3 - 5 ans","",""
"Responsable Audit Interne",https://www.jobzyn.com/fr/companies/kitea/jobs/responsable-audit-interne-casablanca,"KITEA","Casablanca","CDI","3 - 5 ans","",""
"Coordinateur Achats",https://www.jobzyn.com/fr/companies/kitea/jobs/coordinateur-achats-casablanca,"KITEA","Casablanca","CDI","0 - 2 ans","",""
