Titre;Entreprise;Lieu;Lien
STAGE : CHARGÉ (E) ADMINISTRATIF(VE) (H/F) - MAROC;;;https://ma.indeed.com/rc/clk?jk=170c43b439f37990&bb=_SlElQ7E4jnZcfMWr1LBx_5fxhPmR4E6Rt3AVxUnINqnicDmv2Wg4gznsQr55Beme012RWyqjyNBm32WWGJH4UugBLgrTSHMC-1G8c4Y8g0OvzXlYxiJ0N8xND_LY36PH6WU03-kfd3FvbPF8raYqw%3D%3D&xkcb=SoDh67M3pjx1K4zNRZ0LbzkdCdPP&fccid=45b82fb8f8a8fb84&cmp=VNB--IT&ti=Stagiaire+Administratif&vjs=3
STAGE : DÉVELOPPEUR FRONT-END REACT.JS / FIGMA (H/F) - MAROC;;;https://ma.indeed.com/rc/clk?jk=f3609f2b8f756cbc&bb=_SlElQ7E4jnZcfMWr1LBx0VwtNJEvI5LqJXmi8B6SNHH1ras3V5wh2N1jj_JZDE3IQigh_HQ2cnHrdd2R9uRRlbbE5PvGSm8xYcmbnKRDyYl56IXhXRxRtV8oBvzlTYw5fwH0liCbnwF1kq7WrdXAA%3D%3D&xkcb=SoBV67M3pjx1K4zNRZ0KbzkdCdPP&fccid=45b82fb8f8a8fb84&cmp=VNB--IT&ti=D%C3%A9veloppeur+Front+End&vjs=3
STAGE : DÉVELOPPEUR BACK-END PYTHON / POSTGRESQL - MAROC (H/F);;;https://ma.indeed.com/rc/clk?jk=87edf354c44fb63a&bb=_SlElQ7E4jnZcfMWr1LBx7woQF3v5j_tn_kzAa0JCGGBE3X-VjqlhCZMj9rHCd9iYVt60XK7CY3zykoKsAgYZXgxeGGtRuC4V0AtQMvTDiIlWf9Ug0IWyUBUuBN7bVdvyMUcEzzsBrHOOvFyKMyciA%3D%3D&xkcb=SoDI67M3pjx1K4zNRZ0JbzkdCdPP&fccid=45b82fb8f8a8fb84&cmp=VNB--IT&ti=D%C3%A9veloppeur+Back-end&vjs=3
STAGE : ASSISTANT(E) RESSOURCES HUMAINES - MAROC (H/F);;;https://ma.indeed.com/rc/clk?jk=d8f4c0f35965296b&bb=_SlElQ7E4jnZcfMWr1LBx4pt4Czr_JbVe0tK0Iy6PfroKL2glRfviTV7yDApVik9BdQOA-1p0_NiWwILq-c63l-dwzCJrWnPmBPmJIJsR8D6rORYUXI2TTCL4L20r9lTfMWSkyP4zaTljXb-6NWwfw%3D%3D&xkcb=SoB867M3pjx1K4zNRZ0IbzkdCdPP&fccid=45b82fb8f8a8fb84&cmp=VNB--IT&ti=Stagiaire+Ressources+Humaines&vjs=3
Cap Mission – Stagiaire RH – Stage PFE Rémunéré;;;https://ma.indeed.com/rc/clk?jk=95e60cd2c560a41d&bb=_SlElQ7E4jnZcfMWr1LBx4xAtiEmByOdxcw5UovQS5I3DSSZrn378p1SYvruPHqF6i-H0FzbI9WTffDIiA5loY8CtK10uI3unJTjCNzkybZ9L6sEXgXeKFIcwOkOKp5Mg_dScdJBwYkG5sEZ0EvsEw%3D%3D&xkcb=SoDy67M3pjx1K4zNRZ0PbzkdCdPP&fccid=a9f9438d73efc461&cmp=110.55.-Consulting&ti=Stagiaire+Ressources+Humaines&vjs=3
Stagiaire Pré embauche - Développeur Sage 1000;;;https://ma.indeed.com/rc/clk?jk=5221a67c01462847&bb=_SlElQ7E4jnZcfMWr1LBx97PuHCI_D9nDBc6vQ5x20OY5SNHrmiS1nPq3E46h8EqROEgKhSlT2y6pGdCsbtaHFaFfeeRuijvg6Tw188lQP5Ii0PH7DLX5x3WWpcNDyPby8bRBAvys81UeWwSMTbe7g%3D%3D&xkcb=SoBG67M3pjx1K4zNRZ0ObzkdCdPP&fccid=e463fc7104734a53&vjs=3
Contrôleur de Gestion;;;https://ma.indeed.com/rc/clk?jk=688c6dd410b3a59f&bb=_SlElQ7E4jnZcfMWr1LBx8IG51RrhSmg5KZx7HMhOeG2tuSdX_WUBwONKmeAQYnNd12mOtD5IaNKGoHmuo2fv-XjW3SSfG6gk8Xp6TqqBVsDxW6CCZ-o0j9qKPJd46k7zxmF7xcwGLzwUaaAtGCtQw%3D%3D&xkcb=SoDb67M3pjx1K4zNRZ0NbzkdCdPP&fccid=367e50eb04290a75&cmp=maphar&ti=Contr%C3%B4leur+De+Gestion&vjs=3
Offre d'emploi -Développeur Mobile;;;https://ma.indeed.com/rc/clk?jk=45d046da9e352a80&bb=_SlElQ7E4jnZcfMWr1LBx1tmehBxGjyZ71K5n9cemHezE7PhH-7nLUsIQdkFjZbCPCBxSxhpwyJG3RCWvjLqPTr6wE0WR3_71bcqswl_eLYF17EULIBkdPODj1gKrO-T-rhXU7pR-SNRrDQ08aBPFg%3D%3D&xkcb=SoBv67M3pjx1K4zNRZ0MbzkdCdPP&fccid=d7fe37abf462aefd&cmp=MAJJANE-AGENCY&ti=D%C3%A9veloppeur+Mobile&vjs=3
Commercial Terrain – City Launcher;;;https://ma.indeed.com/rc/clk?jk=0b9d4eabc715a326&bb=_SlElQ7E4jnZcfMWr1LBx1xx4y2v9MRZPy3uE5_M0ed5yZwaQ0MG_kxsqKhbyE7O8yy6VEy_fmeSx5wvRt-HYZXkifqK4-0Z2uzxhU3ZTbrWYXLTJCCPQyiS8DOj2w5rx5-Vkrx8rF6tq49lxZuhlQ%3D%3D&xkcb=SoCG67M3pjx1K4zNRZ0DbzkdCdPP&fccid=904efdf096ed1808&cmp=Logiciel-Lab&ti=Commercial+Terrain&vjs=3
Stage - Chargée d’Accueil;;;https://ma.indeed.com/rc/clk?jk=ddfa34617cbd6c17&bb=_SlElQ7E4jnZcfMWr1LBxx1lBRtyob5dbRD9F9NdXrWxcSLqYsU8RCQhcfQ2zJ2FHF97R1cTHgcA8NuqyDWQ4Cm58vKuL-NP9fMaxNvFi3GcgIzhO83HQ8QN5BNkqOlxm6pwm77wQ7OZ8OHp6YzuxQ%3D%3D&xkcb=SoAy67M3pjx1K4zNRZ0CbzkdCdPP&fccid=88e61a2e70397124&cmp=ME&ti=Charg%C3%A9+D%27accueil&vjs=3
Stage - Ingénieur(e) travaux - Maroc (3mois : Novembre-Février) F/H;;;https://ma.indeed.com/rc/clk?jk=bc8e9e3bd65beb64&bb=_SlElQ7E4jnZcfMWr1LBx-h2trelLqxhngPe4W843EQk23tZrbkzgA43L2UeZlnPREiDaMhkN4M5oGP55P170GbIfydkdI2_IRAFuP0mN1Hnt1Sn0EnmLHoWlG1gLOuImXD5FrOZss8Rnc-32IY8PA%3D%3D&xkcb=SoCv67M3pjx1K4zNRZ0BbzkdCdPP&fccid=7ad3c630bb040940&vjs=3
ANIMATEUR/ ANIMATRICE POUR ENFANTS DANS UN CENTRE DE LOISIRS;;;https://ma.indeed.com/rc/clk?jk=eabc75aaabe3680d&bb=_SlElQ7E4jnZcfMWr1LBxx6GmiA0vueK0ZZDzqry2s-IYJd7TJbviodJFtW36HnqTZ7YEqcHddHDToX11Qr1eft2ItjCsWbDYo07-PiM5mS5dmoCeRJjHqhQ8tbns1Ey0y7d5m0dmHHwBodmnVETgQ%3D%3D&xkcb=SoAb67M3pjx1K4zNRZ0AbzkdCdPP&fccid=e53ed56078b942d0&cmp=QUARTIER-LIBRE&ti=Animateur+De+Centre+De+Loisirs&vjs=3
Stage - Créateur(trice) de Contenu pour réseaux sociaux;;;https://ma.indeed.com/rc/clk?jk=1f6ad1f7b8f29a57&bb=_SlElQ7E4jnZcfMWr1LBx_eKsWjFzjLktutgmN9heECr17ckFPFWFNKiG6OBiRD31Bh6a-Yb7mlfbmThiiwAAmx3PT-WF43tUBpmXWxTt3shYrxNBsNOkCrIPXj9O4KDtd0j0hksQqMtPZwxSBQZzw%3D%3D&xkcb=SoCV67M3pjx1K4zNRZ0HbzkdCdPP&fccid=8d2a2ff4af5bce99&cmp=Soluxury-Hospitality&ti=Webmaster&vjs=3
;;;https://ma.indeed.com/viewjob?jk=456789abcdef0123
Fidal Africa - Casablanca - Stagiaire - S 2 2025 ou S 1 2026 - H/F;;;https://ma.indeed.com/rc/clk?jk=dded42ce87f3085b&bb=_SlElQ7E4jnZcfMWr1LBx1MNapwPIEK40k2dZR0g7hd1TktTM6HuoqlW9a5YjYIY5hJWHRzOUgHWYXAU5dDN-0YHjlm9KZLpMrCYtHgaJm60Wm2No0M7D5O_9HIyRLnQZLgHAZz8WbyaImF5nOuvnA%3D%3D&xkcb=SoAh67M3pjx1K4zNRZ0GbzkdCdPP&fccid=b567b5de1128f0a2&vjs=3
STAGIAIRE EN RESSOURCES HUMAINES – Temara;;;https://ma.indeed.com/rc/clk?jk=8551e18c2272e2a0&bb=_SlElQ7E4jnZcfMWr1LBx2QUld_JUehNxzCgkJCN2LaWzrYA-K3sB_3yMjLnMQ-tet-SOVwxoa4p4IVV7hNaCsr8kXFzQ4Du_mhes4gGTql101KW6a_A0yfYTfKlF-BObtD2xLSH1bzURks4mmfSiA%3D%3D&xkcb=SoC867M3pjx1K4zNRZ0FbzkdCdPP&fccid=dd616958bd9ddc12&vjs=3
